timestamp,num_users,slicing_enabled,slice_prb,dl_mcs,tx_brate_dl,dl_cqi,rx_brate_ul,sum_requested_prbs,sum_granted_prbs
1.62E+12,6,1,5,7.02778,0.043104,6,0.1,465,101
1.62E+12,6,1,5,9.13386,0.104544,5.83333,0.155616,1264,168
1.62E+12,6,1,5,11.496,0.142048,7,0,4444,176
1.62E+12,6,1,5,8.35542,0.098656,6.4,0.1,917,206
1.62E+12,6,1,5,6.68033,0.145696,6.42857,0.1,1456,319
1.62E+12,6,1,5,11.0314,0.128672,7,0.1,575,169
1.62E+12,6,1,5,10.4717,0.0854618,7,0,523,120
1.62E+12,6,1,5,10.7273,0.0964819,7,0,817,131
1.62E+12,6,1,5,9.96154,0.101526,7,0,533,156
1.62E+12,6,1,5,8.975,0.15168,6.33333,0.1,1687,253
1.62E+12,6,1,5,8.34694,0.090592,6.8,0,373,155
1.62E+12,6,1,5,10.7019,0.097248,7.83333,0,805,132
1.62E+12,6,1,5,10.7784,0.162313,7,0,2742,241
1.62E+12,6,1,5,10.678,0.161896,7.33333,0.1,2919,219
1.62E+12,6,1,5,11,0.149536,6,0,420,199
1.62E+12,6,1,5,10.0074,0.101622,6.75,0,771,160
1.62E+12,6,1,5,10.8537,0.101888,7,0.1,577,134
1.62E+12,6,1,5,9.6391,0.104257,6.2,0,1616,168
1.62E+12,6,1,5,7.97561,0.08352,6.5,0,1042,148
1.62E+12,6,1,5,10.4262,0.095904,7,0,427,137
1.62E+12,6,1,5,5.03017,0.102522,6.57143,0,1452,302
1.62E+12,6,1,5,10.5,0.112289,7,0.1,968,155
1.62E+12,6,1,5,10.6529,0.107232,8.5,0,444,143
1.62E+12,6,1,5,12.2816,0.0867791,7.33333,0,301,105
1.62E+12,6,1,5,10.8047,0.126816,8.5,0.1,1122,156
1.62E+12,6,1,5,11.1006,0.149108,7,0.1,1753,211
1.62E+12,6,1,5,11.7266,0.156562,7,0,5000,187
1.62E+12,6,1,5,11.6237,0.081376,7,0,273,106
1.62E+12,6,1,5,8.15044,0.133088,7,0.1,2364,275
1.62E+12,6,1,5,10.6784,0.151647,7,0.1,1391,211
1.62E+12,6,1,5,11.4405,0.122859,8,0,450,168
1.62E+12,6,1,5,8.72432,0.140369,6.5,0,1154,226
1.62E+12,6,1,5,3.22745,0.0944,5.2,0,1365,350
1.62E+12,6,1,5,8.58367,0.175068,6.5,0.1,2320,312
1.62E+12,6,1,5,10.5591,0.0860723,8,0,452,109
1.62E+12,6,1,5,6.3211,0.120032,6.25,0,1620,290
1.62E+12,6,1,5,10.6316,0.0753414,7,0.1,259,106
1.62E+12,6,1,5,10.4692,0.112832,6.6,0.180896,874,165
1.62E+12,6,1,5,10.9722,0.118688,7,0,1669,171
1.62E+12,6,1,5,11.5817,0.147309,7.5,0,1095,179
1.62E+12,6,1,5,10.6797,0.129376,7.83333,0,515,163
1.62E+12,6,1,5,10.2846,0.096,7,0.1,439,130
1.62E+12,6,1,5,11.8947,0.147776,8.66667,0,1217,186
1.62E+12,6,1,5,8.6579,0.117526,6.5,0,1813,190
1.62E+12,6,1,5,9.84472,0.137928,6.4,0,871,197
1.62E+12,6,1,5,9.848,0.0976386,7,0.1,551,144
1.62E+12,6,1,5,10.7857,0.0809639,7,0,266,112
1.62E+12,6,1,5,11.1048,0.0861365,8.33333,0,355,111
1.62E+12,6,1,5,5.92511,0.125622,6.42857,0.1,1523,298
1.62E+12,6,1,5,10.6882,0.153312,7,0,1152,212
1.62E+12,6,1,5,10.2667,0.138474,7.16667,0,699,173
1.62E+12,6,1,5,13.5,0.123968,8.33333,0,967,132
1.62E+12,6,1,5,9.07263,0.122368,6.66667,0.1,486,205
1.62E+12,6,1,5,8.53889,0.124704,6.6,0.1,535,216
1.62E+12,6,1,5,3.5,0.095776,5.2,0,1631,341
1.62E+12,6,1,5,11.3162,0.125248,8.33333,0,1001,146
1.62E+12,6,1,5,9.52459,0.098368,6.57143,0.1,1215,155
1.62E+12,6,1,5,11.1171,0.09952,8,0.1,293,121
1.62E+12,6,1,5,11.625,0.1688,7,0,2977,210
1.62E+12,6,1,5,6.90323,0.11856,5.83333,0,1272,246
1.62E+12,6,1,5,10.7376,0.123598,7.66667,0.1,767,166
1.62E+12,6,1,5,10.7907,0.101044,7,0,538,148
1.62E+12,6,1,5,11.5939,0.12649,7,0,299,170
1.62E+12,6,1,5,10.8636,0.10624,7.2,0,797,134
1.62E+12,6,1,5,9.92683,0.144675,7.57143,0.1,400,195
1.62E+12,6,1,5,11.0216,0.122763,7.16667,0.1,730,164
1.62E+12,6,1,5,5.98343,0.093728,5.8,0,635,230
1.62E+12,6,1,5,4.08421,0.083424,5.16667,0,1205,240
1.62E+12,6,1,5,9.23288,0.095872,7,0.1,685,172
1.62E+12,6,1,5,3.48899,0.094944,5.5,0.1,1331,310
1.62E+12,6,1,5,10.2741,0.122635,7.2,0,942,161
1.62E+12,6,1,5,10.6699,0.0863936,7,0,441,120
1.62E+12,6,1,5,11.4892,0.132832,7.33333,0,1776,193
1.62E+12,6,1,5,5.71761,0.165856,5.66667,0.1,1164,359
1.62E+12,6,1,5,5.73656,0.0795823,4.8,0,1117,227
1.62E+12,6,1,5,7.46528,0.087456,6.75,0,759,176
1.62E+12,6,1,5,10.5248,0.127968,7,0,1067,180
1.62E+12,6,1,5,10.7826,0.058464,7,0.1,336,81
1.62E+12,6,1,5,7.12648,0.172241,5.8,0,1529,349
1.62E+12,6,1,5,6.90991,0.0706827,6,0,1160,147
1.62E+12,6,1,5,7.44865,0.108864,6.66667,0,1726,244
1.62E+12,6,1,5,4.30472,0.10688,3.2,0.1,986,304
1.62E+12,6,1,5,3.93732,0.144129,6,0,2358,471
1.62E+12,6,1,5,9.31518,0.177536,7.33333,0,681,293
1.62E+12,6,1,5,11.0568,0.145504,7,0,670,202
1.62E+12,6,1,5,8.605,0.16416,7,0.1,901,261
1.62E+12,6,1,5,9.54263,0.111008,6.25,0,722,159
1.62E+12,6,1,5,11.185,0.137928,7,0,702,195
1.62E+12,6,1,5,8.91925,0.123712,6.33333,0,1019,201
1.62E+12,6,1,5,7.88995,0.150265,6.16667,0.1,1081,276
1.62E+12,6,1,5,10.4444,0.12976,7.5,0.1,675,172
1.62E+12,6,1,5,10.2241,0.105824,8.25,0,399,134
1.62E+12,6,1,5,10.0827,0.121504,8.14286,0.1,779,160
1.62E+12,6,1,5,12.8115,0.131072,8.16667,0.1,733,144
1.62E+12,6,1,5,12.0288,0.154378,8,0,1483,182
1.62E+12,6,1,5,9.94969,0.137568,7.2,0,614,189
1.62E+12,6,1,5,9.44767,0.133344,6.71429,0,1652,207
1.62E+12,6,1,5,12.6771,0.091552,8.16667,0.1,750,117
1.62E+12,6,1,5,7.57627,0.085632,6,0,1175,155
1.62E+12,6,1,5,9.34694,0.112192,7.5,0,924,192
1.62E+12,6,1,5,9.504,0.0960643,7,0,701,151
1.62E+12,6,1,5,11.295,0.108305,7.6,0.1,492,141
1.62E+12,6,1,5,3.71854,0.0979598,4.4,0,1309,383
1.62E+12,6,1,5,6.58525,0.1088,6,0,526,257
1.62E+12,6,1,5,5.64407,0.0590201,5.6,0.1,909,173
1.62E+12,6,1,5,10.75,0.140177,7,0,979,188
1.62E+12,6,1,5,10.0323,0.128739,7.2,0,684,172
1.62E+12,6,1,5,10.9308,0.105896,7.16667,0,944,155
1.62E+12,6,1,5,9.49153,0.096768,7,0,449,145
1.62E+12,6,1,5,7.67753,0.158265,7.2,0.1,1200,332
1.62E+12,6,1,5,11.3145,0.102272,7.83333,0,503,139
1.62E+12,6,1,5,13.0688,0.159104,8.25,0,758,171
1.62E+12,6,1,5,6.78453,0.105152,5.66667,0.1,1477,248
1.62E+12,6,1,5,11.6875,0.162752,7.83333,0,715,186
1.62E+12,6,1,5,10.6861,0.12688,7.16667,0.1,1341,174
1.62E+12,6,1,5,8.66146,0.135296,7.4,0,399,239
1.62E+12,6,1,5,11.2566,0.12672,7.42857,0,1288,147
1.62E+12,6,1,5,5.82635,0.184225,6,0.1,1772,451
1.62E+12,6,1,5,7.80751,0.154176,7,0,1400,275
1.62E+12,6,1,5,11.2583,0.102816,8.33333,0,720,138
1.62E+12,6,1,5,10.775,0.106464,8,0,406,141
1.62E+12,6,1,5,10.0385,0.101173,7.16667,0.1,609,152
1.62E+12,6,1,5,10.2061,0.112128,7.8,0,738,155
1.62E+12,6,1,5,11.7698,0.121408,8.75,0,923,148
1.62E+12,6,1,5,9.95745,0.1064,7.66667,0.118496,645,160
1.62E+12,6,1,5,6.18935,0.109237,5,0,1369,232
1.62E+12,6,1,5,8.44667,0.0995984,6.4,0,801,184
1.62E+12,6,1,5,9.54585,0.17296,7.16667,0,1113,263
1.62E+12,6,1,5,9.27119,0.142656,6.83333,0.1,1145,213
1.62E+12,6,1,5,10.4843,0.154368,7.16667,0,1486,206
1.62E+12,6,1,5,10.4678,0.138656,7,0,724,203
1.62E+12,6,1,5,9.68649,0.150912,7.75,0,1498,231
1.62E+12,6,1,5,9.11055,0.135456,7.2,0.1,885,225
1.62E+12,6,1,5,8.15849,0.168643,6.33333,0.1,1660,323
1.62E+12,6,1,5,10.5354,0.0910201,7,0,459,127
1.62E+12,6,1,5,6.69259,0.13857,6.8,0,479,307
1.62E+12,6,1,5,8.51818,0.078464,7.6,0,1857,142
1.62E+12,6,1,5,10.1184,0.126784,7,0.1,717,180
1.62E+12,6,1,5,10.5,0.118747,7,0,515,172
1.62E+12,6,1,5,9.76087,0.10688,7,0,429,151
1.62E+12,6,1,5,10.6471,0.160771,7.14286,0.1,972,211
1.62E+12,6,1,5,7.66379,0.076576,7.16667,0.1,897,150
1.62E+12,6,1,5,7.25,0.124672,6.33333,0,1151,255
1.62E+12,6,1,5,9.96,0.100416,7,0,723,145
1.62E+12,6,1,5,7.90769,0.12416,6.5,0.1,1067,240
1.62E+12,6,1,5,12.5655,0.132352,8.33333,0.1,625,163
1.62E+12,6,1,5,10.426,0.150426,7,0,1637,207
1.62E+12,6,1,5,10.0076,0.117526,7,0,608,160
1.62E+12,6,1,5,11.9843,0.11664,8.5,0,375,148
1.62E+12,6,1,5,10.1357,0.1111,6.66667,0.1,885,156
1.62E+12,6,1,5,8.1383,0.0666345,6.4,0,1939,117
1.62E+12,6,1,5,10.8037,0.081728,7.33333,0,212,116
1.62E+12,6,1,5,4.95268,0.12384,5.5,0.1,1362,389
1.62E+12,6,1,5,8.49107,0.085568,6,0.1,708,135
1.62E+12,6,1,5,9.50676,0.123406,7,0,592,185
1.62E+12,6,1,5,10.121,0.0964819,7,0,443,139
1.62E+12,6,1,5,10.6182,0.154592,7.66667,0,1158,214
1.62E+12,6,1,5,12.2233,0.106667,7.75,0,633,126
1.62E+12,6,1,5,11.5535,0.162924,7.8,0,2413,188
1.62E+12,6,1,5,7.3027,0.124192,6.4,0,1957,246
1.62E+12,6,1,5,10.8691,0.163825,7,0.1,1416,228
1.62E+12,6,1,5,9.2619,0.106217,6.2,0.1,1841,161
1.62E+12,6,1,5,11.1176,0.0923052,8,0,745,128
1.62E+12,6,1,5,10.6544,0.122313,8,0,824,162
1.62E+12,6,1,5,11.0659,0.081856,7,0,1500,109
1.62E+12,6,1,5,4.75472,0.169888,6.2,0.1,2282,429
1.62E+12,6,1,5,9.15504,0.102651,6.5,0,798,161
1.62E+12,6,1,5,10.2743,0.101719,7.16667,0,356,132
1.62E+12,6,1,5,6.35057,0.102916,6.42857,0.1,1252,229
1.62E+12,6,1,5,10.2581,0.123419,7,0.1,600,179
1.62E+12,6,1,5,10.3133,0.0695904,7,0,268,98
1.62E+12,6,1,5,10.8347,0.105863,7,0,722,143
1.62E+12,6,1,5,11.0625,0.092736,7.28571,0.1,301,119
1.62E+12,6,1,5,10.5745,0.1328,7.16667,0.1,917,182
1.62E+12,6,1,5,5.23461,0.114506,6.75,0,1270,314
1.62E+12,6,1,5,9.87838,0.12896,7.33333,0,783,183
1.62E+12,6,1,5,10.0598,0.0976707,7.57143,0,574,140
1.62E+12,6,1,5,3.11897,0.110233,4.4,0.1,1827,429
1.62E+12,6,1,5,4.67857,0.0586024,6,0,1209,184
1.62E+12,6,1,5,12.1846,0.11412,7.83333,0,411,132
1.62E+12,6,1,5,7.00391,0.150592,6.57143,0,1555,312
1.62E+12,6,1,5,12.5086,0.102586,8.16667,0.1,447,129
1.62E+12,6,1,5,11.9692,0.129344,7.83333,0,631,150
1.62E+12,6,1,5,10.7052,0.142784,7,0,1458,197
1.62E+12,6,1,5,12.4959,0.1032,7.6,0.1,314,124
1.62E+12,6,1,5,8.57391,0.088672,6.66667,0.1,922,151
1.62E+12,6,1,5,8.08253,0.138474,7.16667,0,972,248
1.62E+12,6,1,5,9.97973,0.108,6.4,0,1109,169
1.62E+12,6,1,5,11.1625,0.074784,8,0,392,94
1.62E+12,6,1,5,10,0.08032,7.6,0.1,517,107
1.62E+12,6,1,5,5.6899,0.133687,6.16667,0,1001,366
1.62E+12,6,1,5,8.19418,0.160064,6.5,0,2415,275
1.62E+12,6,1,5,9.7479,0.090249,5.8,0.1,722,143
1.62E+12,6,1,5,5.60849,0.119807,7.2,0,741,277
1.62E+12,6,1,5,9.24294,0.117847,6.5,0.1,871,213
1.62E+12,6,1,5,7.50644,0.143293,5.8,0,1888,279
1.62E+12,6,1,5,9.048,0.102586,7.42857,0,795,169
1.62E+12,6,1,5,11.684,0.164704,7,0.1,400,229
1.62E+12,6,1,5,11.6071,0.1208,7.2,0,464,157
1.62E+12,6,1,5,4.09028,0.12528,5.16667,0,616,381
1.62E+12,6,1,5,9.30387,0.144544,6.71429,0,1278,225
1.62E+12,6,1,5,11.6552,0.122784,7.66667,0.1,980,167
1.62E+12,6,1,5,10.1835,0.132512,8.66667,0,775,182
1.62E+12,6,1,5,10.8667,0.133783,7,0,1246,172
1.62E+12,6,1,5,6.93913,0.108896,5.83333,0.1,1321,281
1.62E+12,6,1,5,9.16316,0.138056,6,0.1,902,222
1.62E+12,6,1,5,4.89837,0.116466,5.6,0,1787,319
1.62E+12,6,1,5,10.9102,0.148384,6,0,1678,208
1.62E+12,6,1,5,4.41722,0.131648,5.8,0.1,1431,421
1.62E+12,6,1,5,5.54518,0.176739,5.5,0.1,1848,436
1.62E+12,6,1,5,10.3272,0.124916,6.2,0,664,182
1.62E+12,6,1,5,13.8667,0.137542,8.33333,0,549,140
1.62E+12,6,1,5,9.1326,0.13056,7.42857,0,927,221
1.62E+12,6,1,5,11,0.111775,7.25,0.1,672,140
1.62E+12,6,1,5,10.7283,0.069751,7,0,384,97
1.62E+12,6,1,5,13.9769,0.125856,10.5,0,343,131
1.62E+12,6,1,5,4.06786,0.096864,5,0.1,1818,366
1.62E+12,6,1,5,6.23673,0.135712,7,0.1,1253,309
1.62E+12,6,1,5,11.2339,0.121896,7,0,1456,155
1.62E+12,6,1,5,7.60335,0.104928,6.6,0,329,212
1.62E+12,6,1,5,8.5614,0.0711968,6.2,0,778,134
1.62E+12,6,1,5,11.1974,0.138892,8.25,0.1,884,177
1.62E+12,6,1,5,12.9815,0.166361,7.6,0,510,194
1.62E+12,6,1,5,11.2397,0.134779,7.8,0,522,169
1.62E+12,6,1,5,12.1953,0.119068,8.14286,0,519,142
1.62E+12,6,1,5,9.87019,0.144129,8,0.1,871,233
1.62E+12,6,1,5,10.8299,0.12464,6.8,0,519,161
1.62E+12,6,1,5,10.5444,0.143424,7.25,0,1243,204
1.62E+12,6,1,5,9.03268,0.118715,7.14286,0,1188,186
1.62E+12,6,1,5,10.9833,0.0458474,7,0,349,76
1.62E+12,6,1,5,8.34356,0.126104,6.8,0.1,1017,218
1.62E+12,6,1,5,12.9474,0.132145,9.2,0,596,138
1.62E+12,6,1,5,12.1538,0.090592,8.71429,0.1,313,88
1.62E+12,6,1,5,11.3548,0.0914378,7.83333,0.1,523,114
1.62E+12,6,1,5,4.27915,0.128161,5.33333,0,1410,382
1.62E+12,6,1,5,10.4797,0.132177,7.25,0,1380,176
1.62E+12,6,1,5,3.32524,0.129632,5.28571,0.1,810,545
1.62E+12,6,1,5,10.4276,0.129414,7.2,0,841,178
1.62E+12,6,1,5,10.4274,0.097856,6.5,0,672,136
1.62E+12,6,1,5,12.8626,0.11955,9.2,0,682,141
1.62E+12,6,1,5,11.3846,0.094912,7.16667,0.1,864,114
1.62E+12,6,1,5,10.7049,0.147392,6.83333,0.1,1331,209
1.62E+12,6,1,5,12.5188,0.126592,9,0,768,150
1.62E+12,6,1,5,3.28571,0.100448,5.66667,0,1659,412
1.62E+12,6,1,5,9.77953,0.10896,7,0.1,992,159
1.62E+12,6,1,5,7.25381,0.123695,6.2,0.1,1622,250
1.62E+12,6,1,5,10.6944,0.0928193,7,0,324,121
1.62E+12,6,1,5,3.6506,0.157408,4.6,0,1133,574
1.62E+12,6,1,5,11.975,0.133494,8.28571,0,864,150
1.62E+12,6,1,5,12.4538,0.162506,9.66667,0.1,1854,166
1.62E+12,6,1,5,5.22388,0.130956,6,0,2464,374
1.62E+12,6,1,5,8.57592,0.137376,6.5,0,1429,233
1.62E+12,6,1,5,9.42222,0.0935261,6.57143,0,1210,156
1.62E+12,6,1,5,11.3288,0.119904,7.16667,0.1,299,153
1.62E+12,6,1,5,5.46622,0.13388,5.2,0,1461,362
1.62E+12,6,1,5,12.7823,0.104256,7.83333,0,186,123
1.62E+12,6,1,5,9.66848,0.139373,6.71429,0,2097,225
1.62E+12,6,1,5,10.3359,0.102972,7,0.1,370,144
1.62E+12,6,1,5,11.9402,0.114217,7.8,0,523,145
1.62E+12,6,1,5,11.6233,0.16453,7,0,2513,195
1.62E+12,6,1,5,9.98387,0.111647,7.5,0,818,148
1.62E+12,6,1,5,9.76555,0.173269,7.33333,0.1,1206,252
1.62E+12,6,1,5,10.3871,0.09488,7.75,0.1,466,124
1.62E+12,6,1,5,11.3651,0.128768,8.8,0,694,149
1.62E+12,6,1,5,9.48295,0.103004,6.57143,0,581,191
1.62E+12,6,1,5,8.61842,0.130272,6.8,0.123776,1139,199
1.62E+12,6,1,5,11,0.11408,7.75,0,402,145
1.62E+12,6,1,5,6.36882,0.161632,5.83333,0,1438,340
1.62E+12,6,1,5,6.23558,0.123968,6.16667,0,617,253
1.62E+12,6,1,5,11.3551,0.108704,7,0.1,349,145
1.62E+12,6,1,5,6.33333,0.111936,6.33333,0,1233,287
1.62E+12,6,1,5,11.4452,0.133216,8.75,0,762,163
1.62E+12,6,1,5,3.53755,0.085312,5.2,0,1637,330
1.62E+12,6,1,5,9.98758,0.138624,6.6,0.1,887,205
1.62E+12,6,1,5,7.14208,0.0976386,9,0,1204,215
1.62E+12,6,1,5,10.9795,0.137888,7,0,1413,186
1.62E+12,6,1,5,7.13661,0.1184,5.6,0,1078,243
1.62E+12,6,1,5,6.03,0.060192,5.5,0.1,533,134
1.62E+12,6,1,5,9.4586,0.132352,6.33333,0,1411,193
1.62E+12,6,1,5,9.91304,0.0949076,6.8,0,662,145
1.62E+12,6,1,5,10.6014,0.132128,7,0,1340,178
1.62E+12,6,1,5,10.2409,0.11776,6.6,0.1,1290,171
1.62E+12,6,1,5,7.57018,0.14528,6.5,0,1415,281
1.62E+12,6,1,5,7.02941,0.081536,6.83333,0,596,169
1.62E+12,6,1,5,10.6807,0.081856,6.85714,0,233,120
1.62E+12,6,1,5,11.6015,0.10976,7,0.1,749,155
1.62E+12,6,1,5,10.4245,0.104192,7.16667,0,465,127
1.62E+12,6,1,5,11.5323,0.121928,8,0,931,144
1.62E+12,6,1,5,8.61611,0.126112,7.33333,0,640,238
1.62E+12,6,1,5,8.38168,0.110426,4,0.1,2232,177
1.62E+12,6,1,5,9.82589,0.186378,8,0,1620,279
1.62E+12,6,1,5,4.70879,0.0791968,5.8,0,641,231
1.62E+12,6,1,5,7.0303,0.0937831,5.71429,0.1,1180,203
1.62E+12,6,1,5,10.678,0.08176,7,0.1,629,133
1.62E+12,6,1,5,12.1626,0.114924,8.66667,0,628,133
1.62E+12,6,1,5,8.78626,0.179136,6.83333,0,1520,314
1.62E+12,6,1,5,11.6286,0.166432,7.57143,0,655,220
1.62E+12,6,1,5,10.8462,0.0973494,7,0,538,134
1.62E+12,6,1,5,10.75,0.0858153,7.66667,0.1,549,114
1.62E+12,6,1,5,14.7248,0.103711,9.8,0,207,106
1.62E+12,6,1,5,10.9162,0.167008,7.14286,0,792,222
1.62E+12,6,1,5,10.6993,0.13232,7.8,0.1,976,191
1.62E+12,6,1,5,8.75472,0.112964,6.33333,0,944,192
1.62E+12,6,1,5,10.7857,0.128675,7,0,397,176
1.62E+12,6,1,5,8.88623,0.128128,6.71429,0.1,1777,215
1.62E+12,6,1,5,10.069,0.076241,7,0.1,476,114
1.62E+12,6,1,5,8.34884,0.098988,5,0,619,197
1.62E+12,6,1,5,10.5966,0.102432,8.6,0,316,130
1.62E+12,6,1,5,6.64894,0.10352,6.57143,0,656,247
1.62E+12,6,1,5,8.51795,0.140787,5.2,0.110072,1725,222
1.62E+12,6,1,5,8.08904,0.108369,9.25,0,1602,193
1.62E+12,6,1,5,7.22967,0.13104,6.6,0,2212,278
1.62E+12,6,1,5,8.21951,0.128832,6.83333,0,1399,217
1.62E+12,6,1,5,6.93237,0.146088,6.66667,0.1,674,269
1.62E+12,6,1,5,13.9853,0.123744,7.83333,0,324,133
1.62E+12,6,1,5,9.10465,0.118368,6,0,528,190
1.62E+12,6,1,5,6.8502,0.141568,6.85714,0,668,312
1.62E+12,6,1,5,9.9078,0.12694,6.4,0.1,2137,177
1.62E+12,6,1,5,11.2842,0.167229,7.66667,0,1156,226
1.62E+12,6,1,5,8.76894,0.208512,6.4,0,2880,354
1.62E+12,6,1,5,10.619,0.0976386,10,0,413,123
1.62E+12,6,1,5,11.2137,0.126944,7,0.1,631,159
1.62E+12,6,1,5,8.91429,0.0840482,6.4,0,844,162
1.62E+12,6,1,5,9.61494,0.131424,8,0,714,197
1.62E+12,6,1,5,10.3333,0.115264,7,0,850,157
1.62E+12,6,1,5,10.031,0.112482,7.5,0.1,458,159
1.62E+12,6,1,5,11.5302,0.129408,8.66667,0,362,157
1.62E+12,6,1,5,8.67251,0.123213,6.66667,0,1139,212
1.62E+12,6,1,5,1.81667,0.077024,5.5,0,1303,415
1.62E+12,6,1,5,10.411,0.128288,7.2,0.1,617,189
1.62E+12,6,1,5,5.59494,0.082528,5.6,0,1275,208
1.62E+12,6,1,5,10.0677,0.116672,7.33333,0,1268,160
1.62E+12,6,1,5,9.53297,0.142752,6.71429,0,1293,226
1.62E+12,6,1,5,11.281,0.11184,7,0.1,908,142
1.62E+12,6,1,5,11.2447,0.0735743,7,0.1,245,102
1.62E+12,6,1,5,7.58252,0.0677912,5.4,0,1032,138
1.62E+12,6,1,5,4.63158,0.137408,5.57143,0,2057,387
1.62E+12,6,1,5,11.9826,0.0916627,8.2,0.1,208,115
1.62E+12,6,1,5,10.4833,0.0923052,7,0,438,128
1.62E+12,6,1,5,10.4884,0.122024,7,0,1372,167
1.62E+12,6,1,5,10.6744,0.0801928,7.16667,0,338,106
1.62E+12,6,1,5,10.2985,0.11504,7.16667,0.1,464,159
1.62E+12,6,1,5,10.485,0.141687,8.25,0,651,201
1.62E+12,6,1,5,6.17276,0.172896,5.83333,0,2297,395
1.62E+12,6,1,5,11.5397,0.10224,8,0,388,130
1.62E+12,6,1,5,6.42958,0.078496,5,0.1,1475,171
1.62E+12,6,1,5,4.07782,0.10355,6,0,1196,348
1.62E+12,6,1,5,9.97059,0.12208,6.66667,0,1591,170
1.62E+12,6,1,5,9.41447,0.106988,6.66667,0.1,936,179
1.62E+12,6,1,5,12.6846,0.131695,8.6,0.1,779,148
1.62E+12,6,1,5,10.9247,0.130924,7.16667,0,775,169
1.62E+12,6,1,5,11.7647,0.162656,7.8,0,1651,207
1.62E+12,6,1,5,7.65625,0.128765,5.66667,0.1,1300,249
1.62E+12,6,1,5,6.72441,0.139438,5.8,0.1,1055,304
1.62E+12,6,1,5,11.4901,0.132736,7.16667,0,607,178
1.62E+12,6,1,5,9.67456,0.130816,6.16667,0,841,205
1.62E+12,6,1,5,7.13575,0.134208,7.28571,0,953,274
1.62E+12,6,1,5,11.3897,0.111293,8,0.1,852,142
1.62E+12,6,1,5,10.7821,0.175584,7,0,1336,230
1.62E+12,6,1,5,10.345,0.133152,6.83333,0,823,214
1.62E+12,6,1,5,8.36923,0.150747,7.14286,0.1,639,248
1.62E+12,6,1,5,10.6391,0.118008,7,0.1,378,149
1.62E+12,6,1,5,10.3259,0.106827,7,0,814,167
1.62E+12,6,1,5,7.46342,0.124884,4.75,0,1295,252
1.62E+12,6,1,5,10.4811,0.157751,7.71429,0,1458,229
1.62E+12,6,1,5,10.3268,0.150747,7.16667,0.1,1130,190
1.62E+12,6,1,5,6.55758,0.090496,5.83333,0,1623,211
1.62E+12,6,1,5,7.7644,0.129703,5.66667,0,840,245
1.62E+12,6,1,5,11.2986,0.122635,7,0.1,2514,172
1.62E+12,6,1,5,11.1429,0.0701044,8,0.1,365,83
1.62E+12,6,1,5,5,0.101141,7,0,1176,280
1.62E+12,6,1,5,9.3629,0.089632,6.4,0,515,148
1.62E+12,6,1,5,11.1224,0.098176,8.28571,0,256,119
1.62E+12,6,1,5,9.92241,0.101184,7,0.1,313,141
1.62E+12,6,1,5,5.15504,0.0547791,4.2,0,745,148
1.62E+12,6,1,5,6.04633,0.142272,5.83333,0,2170,336
1.62E+12,6,1,5,7.88112,0.0970924,6.4,0,1418,182
1.62E+12,6,1,5,11.4762,0.090506,8.25,0,593,130
1.62E+12,6,1,5,10.0535,0.166233,7.33333,0,476,217
1.62E+12,6,1,5,4.69549,0.112578,5,0,813,338
1.62E+12,6,1,5,4.67905,0.146859,4.83333,0,1170,395
1.62E+12,6,1,5,7.62921,0.140704,7,0.1,643,237
1.62E+12,6,1,5,9.61905,0.098496,6.6,0,1106,152
1.62E+12,6,1,5,9.66321,0.138602,7,0,731,231
1.62E+12,6,1,5,9.04795,0.099488,7,0,608,166
1.62E+12,6,1,5,12.952,0.140576,8,0.1,790,144
1.62E+12,6,1,5,10.8889,0.107213,7,0,765,148
1.62E+12,6,1,5,6.15484,0.097728,5.6,0,648,202
1.62E+12,6,1,5,9.64179,0.0867149,6,0.1,599,159
1.62E+12,6,1,5,7.77586,0.143872,5.8,0.1,846,274
1.62E+12,6,1,5,14.0952,0.099168,8.6,0,192,103
1.62E+12,6,1,5,9.95758,0.138176,6.5,0,1440,210
1.62E+12,6,1,5,12.0267,0.118688,8.5,0.1,436,150
1.62E+12,6,1,5,7.72078,0.101462,6.25,0.1,1014,204
1.62E+12,6,1,5,9.81022,0.113157,7.83333,0,581,155
1.62E+12,6,1,5,7.22013,0.0897671,6,0,959,188
1.62E+12,6,1,5,11.2727,0.102201,7.66667,0,700,142
1.62E+12,6,1,5,11.8843,0.121792,8.66667,0.1,898,139
1.62E+12,6,1,5,11.3559,0.097728,7,0,203,124
1.62E+12,6,1,5,10.6181,0.110426,7.75,0,243,154
1.62E+12,6,1,5,6.49013,0.159036,6.57143,0,797,353
1.62E+12,6,1,5,7.83928,0.104964,6.83333,0.1,844,194
1.62E+12,6,1,5,8.59545,0.120193,6.25,0,1074,259
1.62E+12,6,1,5,10.1529,0.100032,7,0,475,107
1.62E+12,6,1,5,10.6328,0.091506,6.83333,0.1,468,138
1.62E+12,6,1,5,10.8843,0.11771,7,0.1,798,157
1.62E+12,6,1,5,10.7868,0.112161,7,0,1525,161
1.62E+12,6,1,5,8.60123,0.151936,7.8,0,879,229
1.62E+12,6,1,5,10.5625,0.0759197,7.57143,0,241,101
1.62E+12,6,1,5,11.1034,0.075296,7,0.1,331,109
1.62E+12,6,1,5,7.0531,0.0656064,6.4,0,509,135
1.62E+12,6,1,5,3.9576,0.111264,6.2,0,2625,391
1.62E+12,6,1,5,5.2514,0.088,6.6,0.1,1462,232
1.62E+12,6,1,5,15.0367,0.117856,10.2,0.1,281,106
1.62E+12,6,1,5,6.84906,0.113216,5.83333,0,1007,249
1.62E+12,6,1,5,10.2973,0.058208,7,0,351,85
1.62E+12,6,1,5,7.65089,0.112672,7.4,0,1503,221
1.62E+12,6,1,5,8.65217,0.072736,8.2,0.1,1412,125
1.62E+12,6,1,5,11.2824,0.082988,7.5,0,470,98
1.62E+12,6,1,5,9.78,0.133076,7.2,0,832,186
1.62E+12,6,1,5,9.48734,0.117687,7,0,607,186
1.62E+12,6,1,5,7.41748,0.117655,5.83333,0.1,887,237
1.62E+12,6,1,5,10.9097,0.113639,7.25,0,612,163
1.62E+12,6,1,5,7.15607,0.110876,6,0,1453,232
1.62E+12,6,1,5,6.56364,0.146272,6.66667,0.1,1924,298
1.62E+12,6,1,5,8.18705,0.105632,6.25,0.1,495,181
1.62E+12,6,1,5,9.87603,0.10112,7.16667,0,354,150
1.62E+12,6,1,5,5.11055,0.105414,5.33333,0,1247,262
1.62E+12,6,1,5,9.02732,0.136544,7,0,943,230
1.62E+12,6,1,5,9.97521,0.101269,7.2,0.1,473,141
1.62E+12,6,1,5,8.70854,0.155695,5.2,0,2625,264
1.62E+12,6,1,5,4.05204,0.114763,5.33333,0,2115,360
1.62E+12,6,1,5,11.843,0.174656,8.85714,0,412,236
1.62E+12,6,1,5,9.98413,0.160576,6,0.1,1434,226
1.62E+12,6,1,5,2.86311,0.14612,4.16667,0,1374,599
1.62E+12,6,1,5,7.74779,0.13808,8.6,0,574,274
1.62E+12,6,1,5,9.85217,0.093952,7,0.1,739,143
1.62E+12,6,1,5,6.62548,0.143904,7.33333,0,1000,308
1.62E+12,6,1,5,7.27586,0.120161,6.6,0,1494,262
1.62E+12,6,1,5,5.98776,0.141976,6.33333,0,1254,323
1.62E+12,6,1,5,11.2828,0.134169,7.57143,0,760,180
1.62E+12,6,1,5,14.8958,0.119456,9.6,0.1,335,100
1.62E+12,6,1,5,10.3444,0.138988,8.5,0,981,179
1.62E+12,6,1,5,11.4941,0.160096,7.2,0,1291,208
1.62E+12,6,1,5,6.5297,0.128448,5.66667,0,1857,251
1.62E+12,6,1,5,9.51825,0.092755,7.25,0.1,307,143
1.62E+12,6,1,5,8.17687,0.0984739,6.83333,0,569,175
1.62E+12,6,1,5,5.05464,0.0887068,5.75,0,591,234
1.62E+12,6,1,5,10.1218,0.122688,7.16667,0.1,621,189
1.62E+12,6,1,5,9.83448,0.112257,7,0,538,164
1.62E+12,6,1,5,11.6724,0.10098,8.5,0,385,120
1.62E+12,6,1,5,10.9646,0.119328,8,0,296,143
1.62E+12,6,1,5,9.92,0.111232,6.8,0.1,1284,161
1.62E+12,6,1,5,10.9739,0.134048,7.16667,0.1,554,176
1.62E+12,6,1,5,9.696,0.0958394,6.6,0,1834,149
1.62E+12,6,1,5,6.64423,0.1248,5.2,0,821,261
1.62E+12,6,1,5,9.56122,0.159488,6.28571,0.1,1498,245
1.62E+12,6,1,5,9.22024,0.13344,7.2,0,1363,217
1.62E+12,6,1,5,9.84348,0.08992,7.2,0,594,135
1.62E+12,6,1,5,10.5746,0.1209,7,0,1057,162
1.62E+12,6,1,5,5.31945,0.110784,6.42857,0.1,1582,277
1.62E+12,6,1,5,12.4098,0.126208,8.33333,0,735,143
1.62E+12,6,1,5,11.2185,0.117526,7.33333,0.1,370,167
1.62E+12,6,1,5,10.5441,0.113639,7.2,0,712,160
1.62E+12,6,1,5,7.59091,0.150426,6.16667,0,1268,266
1.62E+12,6,1,5,5.6,0.124337,5,0.1,2041,328
1.62E+12,6,1,5,6.417,0.129703,6.33333,0,1167,300
1.62E+12,6,1,5,4.65672,0.0782008,5.8,0,1440,249
1.62E+12,6,1,5,4.40213,0.128193,5.57143,0.1,929,374
1.62E+12,6,1,5,8.70748,0.10355,6.6,0.12045,1057,184
1.62E+12,6,1,5,7.85542,0.114112,7.16667,0,645,212
1.62E+12,6,1,5,5.76027,0.087872,7.25,0,1617,195
1.62E+12,6,1,5,11.8704,0.105888,8.33333,0.149568,641,130
1.62E+12,6,1,5,10.9053,0.0908594,7,0.1,739,117
1.62E+12,6,1,5,11.553,0.112578,7,0,853,147
1.62E+12,6,1,5,11.7801,0.117536,8,0,633,162
1.62E+12,6,1,5,11.1475,0.122924,7.16667,0.1,1115,150
1.62E+12,6,1,5,9.53846,0.1168,7,0.1,777,190
1.62E+12,6,1,5,10.672,0.118394,7,0,523,145
1.62E+12,6,1,5,6.77778,0.148627,7,0,2428,329
1.62E+12,6,1,5,7.34532,0.094656,6.2,0,1059,185
1.62E+12,6,1,5,6.33668,0.117076,7,0.1,1159,277
1.62E+12,6,1,5,11.1518,0.180498,8.6,0,1654,229
1.62E+12,6,1,5,10.9118,0.160224,6.5,0,1070,214
1.62E+12,6,1,5,11.0207,0.16241,7,0,637,221
1.62E+12,6,1,5,11.2846,0.10672,8,0.1,901,142
1.62E+12,6,1,5,11.2787,0.111775,7,0,1694,154
1.62E+12,6,1,5,10.4623,0.0961606,7,0,700,127
1.62E+12,6,1,5,11.3553,0.060128,7.16667,0.1,238,81
1.62E+12,6,1,5,10.4522,0.106185,7,0,832,148
1.62E+12,6,1,5,9.30303,0.129478,7.4,0,1268,212
1.62E+12,6,1,5,4.83161,0.133536,6.6,0,346,377
1.62E+12,6,1,5,7.49351,0.165655,6.8,0.1,669,295
1.62E+12,6,1,5,6.17911,0.1111,5.6,0.1,1531,256
1.62E+12,6,1,5,10.1869,0.07536,8.25,0,271,116
1.62E+12,6,1,5,11.1984,0.116928,7,0,829,150
1.62E+12,6,1,5,10.2374,0.117108,7.16667,0,749,161
1.62E+12,6,1,5,11.0476,0.104896,7,0.1,949,160
1.62E+12,6,1,5,10.3934,0.103036,7.2,0,376,134
1.62E+12,6,1,5,9.87755,0.073248,7,0,346,110
1.62E+12,6,1,5,10.5407,0.130988,8,0.1,986,174
1.62E+12,6,1,5,9.5618,0.135004,6.8,0.1,640,205
1.62E+12,6,1,5,4.15825,0.117664,4.25,0,931,378
1.62E+12,6,1,5,10.8545,0.100819,7,0,1311,135
1.62E+12,6,1,5,11.1701,0.123984,7.28571,0.1,636,165
1.62E+12,6,1,5,10.5189,0.0769799,7,0.1,220,110
1.62E+12,6,1,5,6.20408,0.162988,6.33333,0,2157,385
1.62E+12,6,1,5,12.9884,0.085664,7.8,0,1054,96
1.62E+12,6,1,5,8.63111,0.157504,7.71429,0.1,486,264
1.62E+12,6,1,5,6.02591,0.10898,7.33333,0,834,249
1.62E+12,6,1,5,12.3486,0.111008,7.5,0.1,1203,134
1.62E+12,6,1,5,6.07111,0.125184,7.33333,0,1990,292
1.62E+12,6,1,5,6.28436,0.131631,5.8,0,999,277
1.62E+12,6,1,5,10.8304,0.152867,7,0.1,659,203
1.62E+12,6,1,5,8.848,0.081568,6.66667,0,420,133
1.62E+12,6,1,5,10.1351,0.085056,7,0,442,122
1.62E+12,6,1,5,9.93694,0.096768,7.83333,0,599,131
1.62E+12,6,1,5,7.24051,0.11939,6.6,0.1,705,213
1.62E+12,6,1,5,8.40123,0.096672,6.4,0,1066,191
1.62E+12,6,1,5,8.09202,0.122944,7.16667,0,960,200
1.62E+12,6,1,5,6.57647,0.0925944,6.16667,0,888,214
1.62E+12,6,1,5,6.78059,0.137735,6.5,0.1,1706,298
1.62E+12,6,1,5,11.598,0.0917269,7.66667,0,372,118
1.62E+12,6,1,5,9.74815,0.0967068,6.5,0,986,169
1.62E+12,6,1,5,5.63793,0.122892,6.33333,0,1588,298
1.62E+12,6,1,5,9.94118,0.0996305,5.8,0,473,124
1.62E+12,6,1,5,5.99415,0.100369,7.16667,0,1245,221
1.62E+12,6,1,5,8.11429,0.0992129,6.2,0,898,177
1.62E+12,6,1,5,9.92453,0.08,7.16667,0,272,123
1.62E+12,6,1,5,10.0196,0.090944,8,0.1,648,123
1.62E+12,6,1,5,10.4328,0.112193,7,0,458,147
1.62E+12,6,1,5,7.34259,0.1209,6.5,0,1037,268
1.62E+12,6,1,5,5.48899,0.1232,7.16667,0,1402,296
1.62E+12,6,1,5,11.6667,0.133536,7,0.1,1775,166
1.62E+12,6,1,5,10.3381,0.11664,7.2,0,856,166
1.62E+12,6,1,5,11.6648,0.186056,9,0,943,225
1.62E+12,6,1,5,6.09544,0.139552,5.16667,0.1,1733,318
1.62E+12,6,1,5,11.4835,0.0988273,8,0.1,432,106
1.62E+12,6,1,5,11.4752,0.139727,8.5,0,844,171
1.62E+12,6,1,5,10.1514,0.139968,7.4,0,1436,237
1.62E+12,6,1,5,8.91192,0.114313,7.57143,0.1,421,219
1.62E+12,6,1,5,12.4043,0.081184,7.33333,0,225,88
1.62E+12,6,1,5,8.07802,0.0917912,6.5,0,908,174
1.62E+12,6,1,5,8.1123,0.129349,7.4,0,813,228
1.62E+12,6,1,5,8.27439,0.118297,5.8,0,1010,207
1.62E+12,6,1,5,6.94054,0.108562,6.2,0.1,1617,237
1.62E+12,6,1,5,10.7313,0.120129,7,0,1228,161
1.62E+12,6,1,5,10.9058,0.125012,7,0,821,165
1.62E+12,6,1,5,9.63905,0.162752,7.14286,0.1,1176,232
1.62E+12,6,1,5,5.195,0.0788434,5.75,0.1,1411,247
1.62E+12,6,1,5,12.1402,0.114731,8.66667,0,431,124
1.62E+12,6,1,5,11.9302,0.12368,8.6,0,641,141
1.62E+12,6,1,5,10.1742,0.128353,7.16667,0.1,427,174
1.62E+12,6,1,5,4.47522,0.145317,5.5,0.1,1225,438
1.62E+12,6,1,5,10.6861,0.1129,7.2,0,614,160
1.62E+12,6,1,5,11.7333,0.103293,6.8,0,617,115
1.62E+12,6,1,5,9.76543,0.140096,6.83333,0,1296,203
1.62E+12,6,1,5,4.24138,0.0573173,5.66667,0.1,869,200
1.62E+12,6,1,5,11.0637,0.132096,7,0,974,189
1.62E+12,6,1,5,7.45,0.118394,6,0,738,200
1.62E+12,6,1,5,10.2448,0.10784,7,0.1,282,158
1.62E+12,6,1,5,10.4188,0.08976,7.2,0.1,697,135
1.62E+12,6,1,5,11.5669,0.133398,8.6,0,700,153
1.62E+12,6,1,5,7.72558,0.11698,6.66667,0,796,243
1.62E+12,6,1,5,10.4876,0.107052,7,0,384,151
1.62E+12,6,1,5,10.3067,0.122378,7,0.1,1049,183
1.62E+12,6,1,5,3.89781,0.11759,5,0,1159,359
1.62E+12,6,1,5,6.26772,0.124273,6,0,1970,324
1.62E+12,6,1,5,4.44604,0.125824,5.14286,0.1,1156,377
1.62E+12,6,1,5,9.61616,0.146667,6.4,0.1,1167,231
1.62E+12,6,1,5,8.84689,0.154944,8.4,0,781,244
1.62E+12,6,1,5,11,0.0654137,7.2,0,568,99
1.62E+12,6,1,5,10.5,0.0970924,7,0,308,130
1.62E+12,6,1,5,10.6164,0.0606586,6,0,192,80
1.62E+12,6,1,5,10.4217,0.146048,7.83333,0.1,1322,205
1.62E+12,6,1,5,10.7427,0.164369,7.6,0,1442,246
1.62E+12,6,1,5,10.9464,0.097253,7,0.1,218,117
1.62E+12,6,1,5,11.8516,0.125076,7.4,0.1,431,159
1.62E+12,6,1,5,10.223,0.117462,6.4,0,2365,173
1.62E+12,6,1,5,12.4727,0.106176,7.6,0,608,128
1.62E+12,6,1,5,9.89313,0.096928,6.85714,0,478,154
1.62E+12,6,1,5,10.2897,0.092576,7.33333,0.1,297,120
1.62E+12,6,1,5,10.9712,0.0863293,8.8,0,218,111
1.62E+12,6,1,5,9.87879,0.085856,7.16667,0,342,118
1.62E+12,6,1,5,4.57947,0.137992,6.14286,0,2522,421
1.62E+12,6,1,5,7.15044,0.0799679,5.5,0.1,621,141
1.62E+12,6,1,5,7.788,0.170731,7.2,0,1318,315
1.62E+12,6,1,5,10.7273,0.151808,7.2,0,825,212
1.62E+12,6,1,5,9.89639,0.183648,6.42857,0.1,2270,288
1.62E+12,6,1,5,6.88485,0.0896,6.33333,0,1760,218
1.62E+12,6,1,5,10.0611,0.100948,7.25,0,896,151
1.62E+12,6,1,5,2.84651,0.0792,5.5,0,1194,285
1.62E+12,6,1,5,9.77848,0.133076,7.14286,0,741,186
1.62E+12,6,1,5,11.0574,0.117269,8.66667,0.173333,520,145
1.62E+12,6,1,5,7.93038,0.103293,6,0,1242,206
1.62E+12,6,1,5,10.5304,0.138988,7,0,881,208
1.62E+12,6,1,5,11.3226,0.134432,7.66667,0,377,164
1.62E+12,6,1,5,11.7273,0.131392,7.16667,0.1,297,164
1.62E+12,6,1,5,11.0728,0.132768,7.6,0,706,180
1.62E+12,6,1,5,10.7958,0.117269,7.16667,0,915,161
1.62E+12,6,1,5,10.7909,0.0846586,7.33333,0,489,124
1.62E+12,6,1,5,8.10526,0.11632,6.2,0.1,2062,227
1.62E+12,6,1,5,6.23529,0.115534,6.4,0,591,233
1.62E+12,6,1,5,7.75,0.1128,6.33333,0,1019,208
1.62E+12,6,1,5,10.775,0.074816,7.16667,0.1,550,107
1.62E+12,6,1,5,5.55333,0.0716787,5.4,0.1,875,203
1.62E+12,6,1,5,10.7624,0.105799,7,0,619,128
1.62E+12,6,1,5,10.7869,0.162249,7.66667,0,1517,229
1.62E+12,6,1,5,8.30481,0.142072,6,0,1389,235
1.62E+12,6,1,5,7.40217,0.064704,8.16667,0.1,625,112
1.62E+12,6,1,5,10.3718,0.147968,7.5,0,1874,198
1.62E+12,6,1,5,12.2714,0.0719679,8.75,0,654,87
1.62E+12,6,1,5,6.352,0.146816,5.5,0,1901,338
1.62E+12,6,1,5,10.5676,0.102426,7,0.114795,635,141
1.62E+12,6,1,5,11.9571,0.133237,8.33333,0,1019,177
1.62E+12,6,1,5,9.79259,0.106859,6.75,0,726,158
1.62E+12,6,1,5,10.5263,0.107727,7.14286,0.1,435,144
1.62E+12,6,1,5,10.8581,0.1031,7,0.1,543,159
1.62E+12,6,1,5,9.7829,0.134458,6.4,0,1968,186
1.62E+12,6,1,5,9.88489,0.10641,7.2,0,713,160
1.62E+12,6,1,5,7.32937,0.132544,7.42857,0,842,291
1.62E+12,6,1,5,3.44417,0.146112,4.5,0.1,1094,529
1.62E+12,6,1,5,11.566,0.13539,8.16667,0,981,172
1.62E+12,6,1,5,8.97917,0.11664,7,0,533,171
1.62E+12,6,1,5,7.86765,0.104739,8.83333,0,601,171
1.62E+12,6,1,5,5.00893,0.090048,5.5,0.1,1350,279
1.62E+12,6,1,5,12.2292,0.092032,8.25,0,217,103
1.62E+12,6,1,5,5.14228,0.10612,6.16667,0,1238,318
1.62E+12,6,1,5,8.11111,0.190816,6,0,3179,323
1.62E+12,6,1,5,11.1221,0.116416,7,0.1,1090,157
1.62E+12,6,1,5,9.73554,0.0959036,6.6,0,1101,153
1.62E+12,6,1,5,5.75622,0.11344,5.8,0,997,266
1.62E+12,6,1,5,11.949,0.102112,7.33333,0.1,1255,121
1.62E+12,6,1,5,11.0541,0.07008,7.5,0.1,190,87
1.62E+12,6,1,5,3.19184,0.0706506,5.33333,0,1704,313
1.62E+12,6,1,5,8.01219,0.106442,6.4,0,1274,205
1.62E+12,6,1,5,8.56838,0.172498,7.5,0,934,294
1.62E+12,6,1,5,5.40933,0.094976,5.83333,0.1,1087,251
1.62E+12,6,1,5,8.75949,0.118137,6.6,0,1615,193
1.62E+12,6,1,5,8.82653,0.0696546,7.16667,0,347,112
1.62E+12,6,1,5,7.89573,0.139392,6,0,1290,260
1.62E+12,6,1,5,7.7933,0.0990522,6.66667,0.1,843,209
1.62E+12,6,1,5,7.20455,0.153542,5,0,1519,316
1.62E+12,6,1,5,11.2414,0.10596,8.5,0,530,136
1.62E+12,6,1,5,10.6903,0.157696,7,0.1,1624,206
1.62E+12,6,1,5,3.53943,0.107502,4.66667,0.1,1833,420
1.62E+12,6,1,5,12.752,0.119584,8.5,0,231,133
1.62E+12,6,1,5,10.2745,0.137028,7.33333,0,1545,183
1.62E+12,6,1,5,5.81279,0.122827,6.71429,0.1,1112,286
1.62E+12,6,1,5,5.24107,0.107084,5,0.1,1529,296
1.62E+12,6,1,5,3.90571,0.134715,4.5,0,2820,481
1.62E+12,6,1,5,4.9619,0.13504,5.8,0,657,392
1.62E+12,6,1,5,6.66038,0.0881606,6.16667,0,996,209
1.62E+12,6,1,5,10.8348,0.10048,8,0.1,776,148
1.62E+12,6,1,5,12.1176,0.194988,9,0,734,226
1.62E+12,6,1,5,5.04444,0.119582,6.66667,0,1551,302
1.62E+12,6,1,5,11.1538,0.131406,7.83333,0.1,542,152
1.62E+12,6,1,5,10.913,0.130506,7,0.1,2202,176
1.62E+12,6,1,5,7.78788,0.104832,6.33333,0,1087,201
1.62E+12,6,1,5,9.19553,0.128608,5.25,0,1617,224
1.62E+12,6,1,5,9.9902,0.169992,6.71429,0,2307,256
1.62E+12,6,1,5,10.6197,0.111357,7,0.1,424,156
1.62E+12,6,1,5,10.375,0.120384,7,0,964,161
1.62E+12,6,1,5,9.3545,0.130313,6.8,0,1115,214
1.62E+12,6,1,5,12.6831,0.121478,9,0.1,648,139
1.62E+12,6,1,5,11.1797,0.129189,7.16667,0,750,156
1.62E+12,6,1,5,4.59286,0.117719,5.2,0,2395,364
1.62E+12,6,1,5,3.65705,0.116819,5.2,0,1433,428
1.62E+12,6,1,5,9.71006,0.133248,6.6,0.1,821,209
1.62E+12,6,1,5,7.80541,0.129152,7,0.1,1219,227
1.62E+12,6,1,5,6.72603,0.114988,6,0,1095,258
1.62E+12,6,1,5,10.84,0.08496,8.4,0,401,107
1.62E+12,6,1,5,9.98246,0.079488,7,0,275,133
1.62E+12,6,1,5,6.97297,0.12432,6,0.1,1107,241
1.62E+12,6,1,5,10.0753,0.123631,7.16667,0,995,185
1.62E+12,6,1,5,2.57721,0.10008,6.2,0,405,375
1.62E+12,6,1,5,10.3636,0.121157,6.71429,0,937,172
1.62E+12,6,1,5,9.32184,0.1392,7,0.1,966,219
1.62E+12,6,1,5,10.734,0.0854297,7,0,681,117
1.62E+12,6,1,5,12.1898,0.107502,7.83333,0,410,136
1.62E+12,6,1,5,11.9348,0.152768,7.5,0.1,1211,183
1.62E+12,6,1,5,10.3373,0.074752,6.83333,0.1,499,97
1.62E+12,6,1,5,10.6748,0.112032,7.66667,0,801,152
1.62E+12,6,1,5,15.0909,0.13104,9,0,459,130
1.62E+12,6,1,5,3.91148,0.131823,5,0,1265,422
1.62E+12,6,1,5,9.065,0.152353,6.8,0.1,924,254
1.62E+12,6,1,5,5.24735,0.139406,7.16667,0,1337,377
1.62E+12,6,1,5,11.325,0.114474,8,0,680,141
1.62E+12,6,1,5,7.4069,0.0949719,6.33333,0,1290,193
1.62E+12,6,1,5,11.9,0.115631,8,0.1,974,144
1.62E+12,6,1,5,11.685,0.108241,7.8,0,436,131
1.62E+12,6,1,5,10.9882,0.144867,7,0,1620,212
1.62E+12,6,1,5,10.2239,0.1304,7,0.1,694,168
1.62E+12,6,1,5,6.62712,0.075712,6.66667,0.1,370,148
1.62E+12,6,1,5,11.9497,0.143582,7.83333,0,1045,179
1.62E+12,6,1,5,4.60759,0.101088,5.4,0,1375,301
1.62E+12,6,1,5,14.6667,0.077792,8.4,0,262,77
1.62E+12,6,1,5,5.33649,0.094144,5.75,0.1,1182,274
1.62E+12,6,1,5,10.1629,0.14355,7.16667,0,865,206
1.62E+12,6,1,5,10.6299,0.111871,7.66667,0,668,153
1.62E+12,6,1,5,7.41026,0.139584,5.66667,0.1,3362,253
1.62E+12,6,1,5,6.53061,0.13645,6,0,2390,325
1.62E+12,6,1,5,10.4341,0.121863,7,0,848,160
1.62E+12,6,1,5,9.63889,0.0954859,7.33333,0,662,133
1.62E+12,6,1,5,11.1524,0.154176,8.28571,0.1,997,205
1.62E+12,6,1,5,12.0741,0.106763,7.5,0,410,118
1.62E+12,6,1,5,7.22069,0.076576,5.5,0,891,174
1.62E+12,6,1,5,10.345,0.144288,7.4,0,636,187
1.62E+12,6,1,5,10.3065,0.112,7.5,0,588,153
1.62E+12,6,1,5,10.2244,0.130056,7.2,0.1,1183,193
1.62E+12,6,1,5,10.0656,0.108691,7,0,647,145
1.62E+12,6,1,5,10.3401,0.117655,7,0,1021,175
1.62E+12,6,1,5,11.0224,0.121767,7,0.1,895,154
1.62E+12,6,1,5,11.5361,0.085632,9.4,0.1,279,107
1.62E+12,6,1,5,10.7353,0.098368,6.33333,0,277,143
1.62E+12,6,1,5,3.90805,0.0913735,5.33333,0,1729,329
1.62E+12,6,1,5,10.3902,0.10256,7.5,0,835,154
1.62E+12,6,1,5,11.0846,0.102972,7,0.1,374,138
1.62E+12,6,1,5,10.4919,0.164659,7,0,1286,230
1.62E+12,6,1,5,10.8239,0.125269,7,0,769,171
1.62E+12,6,1,5,10.1964,0.109205,6.83333,0,596,144
1.62E+12,6,1,5,8.02174,0.0656386,6.83333,0.1,560,120
1.62E+12,6,1,5,3.92988,0.123984,5.6,0,605,442
1.62E+12,6,1,5,10.2483,0.1351,7.16667,0,367,171
1.62E+12,6,1,5,13.0219,0.134944,7.5,0,1037,161
1.62E+12,6,1,5,6.0679,0.179341,6,0.1,1029,408
1.62E+12,6,1,5,10.8701,0.137735,7,0,746,201
1.62E+12,6,1,5,7.63522,0.11584,7.33333,0,486,199
1.62E+12,6,1,5,12.4423,0.121696,8.25,0,891,133
1.62E+12,6,1,5,10.0898,0.149365,7,0.1,657,212
1.62E+12,6,1,5,9.55172,0.10992,7.33333,0,1271,191
1.62E+12,6,1,5,10.1909,0.107552,7.2,0,551,131
1.62E+12,6,1,5,12.2358,0.114667,8,0.1,359,136
1.62E+12,6,1,5,8.345,0.125944,6,0.1,685,232
1.62E+12,6,1,5,6.85417,0.17796,7,0,2658,388
1.62E+12,6,1,5,10.093,0.0724177,7.66667,0,1435,113
1.62E+12,6,1,5,6.83817,0.145088,7.14286,0,1880,307
1.62E+12,6,1,5,15.1364,0.0805783,9.33333,0.12045,214,81
1.62E+12,6,1,5,9.81,0.0853012,8.4,0,206,117
1.62E+12,6,1,5,8.96933,0.118432,6.4,0,725,197
1.62E+12,6,1,5,11.0291,0.167776,7,0,1468,220
1.62E+12,6,1,5,5.94146,0.0943936,5.4,0.113382,1333,248
1.62E+12,6,1,5,7.9697,0.138731,8.6,0,361,233
1.62E+12,6,1,5,8.6044,0.134426,8.5,0,621,225
1.62E+12,6,1,5,10.731,0.153536,7.2,0.1,1180,204
1.62E+12,6,1,5,10.6762,0.0862651,7,0.1,370,118
1.62E+12,6,1,5,7.81977,0.119454,6.4,0,1386,224
1.62E+12,6,1,5,9.16592,0.161312,6.25,0,965,261
1.62E+12,6,1,5,5.69314,0.121728,6.66667,0,832,358
1.62E+12,6,1,5,13.2899,0.155168,8.8,0,303,161
1.62E+12,6,1,5,10.5283,0.085248,6.4,0,556,123
1.62E+12,6,1,5,11.3723,0.11759,8,0,648,154
1.62E+12,6,1,5,10.6977,0.112928,8,0,473,161
1.62E+12,6,1,5,8.30808,0.128225,6.2,0.1,1139,255
1.62E+12,6,1,5,9.66667,0.111486,6.6,0,792,155
1.62E+12,6,1,5,7.49735,0.125783,6.33333,0,863,234
1.62E+12,6,1,5,10.6194,0.117888,6.2,0,943,159
1.62E+12,6,1,5,10.9839,0.092544,7,0,221,127
1.62E+12,6,1,5,6.5865,0.131084,7.2,0,1221,287
1.62E+12,6,1,5,3.80519,0.11168,5.6,0,664,405
1.62E+12,6,1,5,10.3707,0.106345,7,0.1,535,129
1.62E+12,6,1,5,10.8013,0.133365,7,0.1,997,181
1.62E+12,6,1,5,6.48927,0.143582,5.5,0,1567,318
1.62E+12,6,1,5,11.1419,0.154988,7,0,2187,200
1.62E+12,6,1,5,7.45178,0.114763,7,0,748,230
1.62E+12,6,1,5,9.55215,0.129312,6.5,0.1,1308,205
1.62E+12,6,1,5,8.66667,0.110715,8.2,0,592,204
1.62E+12,6,1,5,9.34091,0.0913414,5.33333,0,648,153
1.62E+12,6,1,5,10.2823,0.106827,7,0,602,151
1.62E+12,6,1,5,8.65672,0.166072,6.66667,0.1,2755,280
1.62E+12,6,1,5,5.51082,0.124112,6,0,974,301
1.62E+12,6,1,5,7.74638,0.0926265,6.5,0,852,171
1.62E+12,6,1,5,8.0531,0.0816386,7.5,0,654,145
1.62E+12,6,1,5,10.9917,0.092352,8.25,0.1,195,122
1.62E+12,6,1,5,9.96774,0.112482,6.8,0,587,170
1.62E+12,6,1,5,11,0.107823,7.4,0,319,136
1.62E+12,6,1,5,8.11284,0.148337,6.33333,0,1175,296
1.62E+12,6,1,5,8.29932,0.0968,7.2,0.1,260,172
1.62E+12,6,1,5,8.87333,0.119743,6.25,0,1956,195
1.62E+12,6,1,5,10.0932,0.104803,7.2,0,593,142
1.62E+12,6,1,5,5.21988,0.154624,4.75,0.1,1456,412
1.62E+12,6,1,5,10.9854,0.141205,6.83333,0.1,377,211
1.62E+12,6,1,5,8.66667,0.070848,7.6,0,570,114
1.62E+12,6,1,5,11.7031,0.102876,7.25,0,988,142
1.62E+12,6,1,5,6.19289,0.0997269,6.2,0,1653,254
1.62E+12,6,1,5,7.72201,0.181815,6,0.1,1574,313
1.62E+12,6,1,5,4.51087,0.143775,6,0,980,374
1.62E+12,6,1,5,8.21739,0.145735,7.2,0,1306,233
1.62E+12,6,1,5,10.5714,0.143165,7,0,1069,201
1.62E+12,6,1,5,10.7641,0.101237,7,0.1,927,140
1.62E+12,6,1,5,11.0122,0.16392,7.16667,0,1150,213
1.62E+12,6,1,5,9.19162,0.112224,6.66667,0,529,186
1.62E+12,6,1,5,11.1195,0.11488,7,0,656,161
1.62E+12,6,1,5,2.41304,0.092768,5,0.16736,1529,448
1.62E+12,6,1,5,10.1141,0.132145,7,0,844,187
1.62E+12,6,1,5,11.4878,0.0981847,7,0,282,130
1.62E+12,6,1,5,15.5076,0.184193,9,0,654,146
1.62E+12,6,1,5,10.1132,0.0963534,7,0.1,743,137
1.62E+12,6,1,5,10.5594,0.12257,7,0,688,170
1.62E+12,6,1,5,11.6604,0.12368,7.5,0,843,173
1.62E+12,6,1,5,10.0476,0.148723,8,0.1,1404,208
1.62E+12,6,1,5,9.65306,0.085152,7,0.1,414,117
1.62E+12,6,1,5,9.49774,0.16288,6.75,0,835,255
1.62E+12,6,1,5,5.83688,0.134265,6.16667,0,1046,337
1.62E+12,6,1,5,10.2746,0.131776,6.5,0,366,204
1.62E+12,6,1,5,10.8736,0.141141,6.75,0.1,477,195
1.62E+12,6,1,5,10.5956,0.101696,7,0,487,150
1.62E+12,6,1,5,9.20339,0.0912,6.6,0,451,138
1.62E+12,6,1,5,8.01105,0.109152,6.85714,0.1,1813,213
1.62E+12,6,1,5,7.57143,0.119357,7.33333,0.160257,512,212
1.62E+12,6,1,5,11.5455,0.122474,8.6,0,739,153
1.62E+12,6,1,5,10.379,0.107712,7.66667,0,512,152
1.62E+12,6,1,5,10.3049,0.148384,7.16667,0.1,862,196
1.62E+12,6,1,5,4.5287,0.131084,3.6,0.1,1747,435
1.62E+12,6,1,5,6.72428,0.142176,7.6,0,1435,307
1.62E+12,6,1,5,10.9043,0.0925301,7,0,419,112
1.62E+12,6,1,5,13.06,0.0872932,7.6,0,261,107
1.62E+12,6,1,5,10.3102,0.1511,7,0.1,664,206
1.62E+12,6,1,5,7.5177,0.146185,6,0,1551,290
1.62E+12,6,1,5,11.8588,0.0700402,8,0,200,92
1.62E+12,6,1,5,8.625,0.138688,6.71429,0,1346,222
1.62E+12,6,1,5,10.7533,0.132305,8,0.1,1353,184
1.62E+12,6,1,5,12.4872,0.10368,7.83333,0,280,129
1.62E+12,6,1,5,6.46862,0.137028,6.2,0,1499,308
1.62E+12,6,1,5,10.7692,0.0638072,7,0,160,82
1.62E+12,6,1,5,11.4703,0.18143,7.4,0.1,551,226
1.62E+12,6,1,5,10.3158,0.112672,7,0,974,174
1.62E+12,6,1,5,11.7727,0.124916,7.2,0,444,163
1.62E+12,6,1,5,10.1803,0.10249,6.66667,0.1,938,138
1.62E+12,6,1,5,4.64493,0.147663,6.66667,0.108209,1309,370
1.62E+12,6,1,5,5.57592,0.114249,7.2,0,727,257
1.62E+12,6,1,5,10.8378,0.13661,7,0,1242,185
1.62E+12,6,1,5,7.99333,0.0861687,6.5,0,1125,189
1.62E+12,6,1,5,9.78395,0.139341,5.66667,0.1,834,191
1.62E+12,6,1,5,6.90576,0.112514,7,0,1091,246
1.62E+12,6,1,5,10.3452,0.173173,7,0,881,241
1.62E+12,6,1,5,4.70213,0.117248,5.85714,0,848,366
1.62E+12,6,1,5,5.00337,0.153414,5.2,0.104932,2282,411
1.62E+12,6,1,5,11,0.0696867,7.5,0,562,89
1.62E+12,6,1,5,7.59429,0.129056,7,0,1394,245
1.62E+12,6,1,5,10.8571,0.0696546,7,0.1,507,111
1.62E+12,6,1,5,10.0721,0.101558,7,0.1,693,133
1.62E+12,6,1,5,6.25,0.133301,7.33333,0,1993,331
1.62E+12,6,1,5,11.1989,0.1431,7.16667,0,315,186
1.62E+12,6,1,5,11.629,0.103133,7,0.1,409,135
1.62E+12,6,1,5,10.3232,0.138763,7.2,0,1108,208
1.62E+12,6,1,5,14.402,0.140864,9.8,0,712,117
1.62E+12,6,1,5,12.6444,0.089536,9.16667,0,363,101
1.62E+12,6,1,5,9.58108,0.11824,7.71429,0.1,471,169
1.62E+12,6,1,5,8.72362,0.160321,7.33333,0.1,773,256
1.62E+12,6,1,5,10.8722,0.12336,7,0,748,164
1.62E+12,6,1,5,10.1429,0.142972,7.4,0,719,211
1.62E+12,6,1,5,11.4586,0.134848,7.14286,0,500,168
1.62E+12,6,1,5,10.9722,0.158656,7.16667,0.1,1800,211
1.62E+12,6,1,5,4.19943,0.156352,4.5,0,1338,465
1.62E+12,6,1,5,7.88136,0.129285,7.66667,0,1195,228
1.62E+12,6,1,5,4.86387,0.09184,5.71429,0.1,1330,252
1.62E+12,6,1,5,10.8769,0.113446,7,0.1,345,147
1.62E+12,6,1,5,6.02618,0.103582,6.16667,0,1294,257
1.62E+12,6,1,5,10.1429,0.0862972,6.5,0,898,117
1.62E+12,6,1,5,11.6033,0.112257,7.66667,0,457,141
1.62E+12,6,1,5,4.98283,0.111072,6.16667,0.1,458,304
1.62E+12,6,1,5,10.9286,0.093751,7,0.1,671,132
1.62E+12,6,1,5,11.1154,0.118747,7.2,0,854,147
1.62E+12,6,1,5,9.99367,0.114474,6.33333,0,1068,180
1.62E+12,6,1,5,11.1597,0.10048,6.66667,0.1,590,140
1.62E+12,6,1,5,11.624,0.127232,7.6,0,1084,151
1.62E+12,6,1,5,2.97403,0.132498,5.75,0,476,440
1.62E+12,6,1,5,10.7244,0.112384,7,0.1,548,157
1.62E+12,6,1,5,7.74519,0.12498,6.4,0.1,1395,261
1.62E+12,6,1,5,11.3653,0.140416,7.2,0,399,180
1.62E+12,6,1,5,12.3279,0.122056,8,0,1051,147
1.62E+12,6,1,5,11.1187,0.12832,7,0,1045,187
1.62E+12,6,1,5,11.288,0.122442,7.6,0.1,1929,159
1.62E+12,6,1,5,8.0884,0.134104,5.5,0,1342,228
1.62E+12,6,1,5,4.63971,0.119518,5.66667,0,1560,366
1.62E+12,6,1,5,10.8391,0.08768,6.14286,0.1,701,106
1.62E+12,6,1,5,11.1354,0.0847871,7.83333,0.1,463,123
1.62E+12,6,1,5,3.63918,0.129092,5.83333,0,1499,394
1.62E+12,6,1,5,8.37903,0.0812209,7.33333,0,577,153
1.62E+12,6,1,5,12.1243,0.15872,7.85714,0.1,864,194
1.62E+12,6,1,5,11.2523,0.101269,7.66667,0.1,946,137
1.62E+12,6,1,5,10.5099,0.145157,7,0,886,184
1.62E+12,6,1,5,11.0318,0.13253,7.25,0,1169,189
1.62E+12,6,1,5,11.7263,0.093984,7.71429,0.1,771,108
1.62E+12,6,1,5,10.8978,0.127647,7.2,0.1,1905,173
1.62E+12,6,1,5,10.1833,0.111582,7,0,657,147
1.62E+12,6,1,5,10.3445,0.0893173,6.5,0,851,144
1.62E+12,6,1,5,10.4903,0.144418,7,0,919,187
1.62E+12,6,1,5,10.9325,0.159614,8.25,0.1,1016,202
1.62E+12,6,1,5,11.1319,0.0790361,7,0,616,103
1.62E+12,6,1,5,7.43254,0.168,6.5,0,2220,329
1.62E+12,6,1,5,9.75,0.0993735,7.71429,0,630,150
1.62E+12,6,1,5,7.14179,0.0813173,6.5,0.1,1069,180
1.62E+12,6,1,5,10.269,0.118297,8,0,456,157
1.62E+12,6,1,5,13.4071,0.125173,7,0,269,138
1.62E+12,6,1,5,13.6703,0.104544,9,0,439,107
1.62E+12,6,1,5,5.55856,0.114924,5.6,0.1,1888,296
1.62E+12,6,1,5,10.1696,0.0956787,6.75,0,1229,140
1.62E+12,6,1,5,11.4138,0.133184,7.66667,0,825,169
1.62E+12,6,1,5,11.3158,0.0764016,6.16667,0,316,111
1.62E+12,6,1,5,8.6117,0.141472,9.5,0.1,715,243
1.62E+12,6,1,5,9.88571,0.112482,7.4,0,702,163
1.62E+12,6,1,5,6.16279,0.0981526,5.2,0,1094,220
1.62E+12,6,1,5,7.35135,0.132016,7.66667,0.1,743,239
1.62E+12,6,1,5,12.163,0.101632,7.25,0,427,111
1.62E+12,6,1,5,11.3431,0.108576,7.16667,0.1,316,142
1.62E+12,6,1,5,10.5096,0.147759,6.66667,0,492,217
1.62E+12,6,1,5,7.76168,0.1216,7,0,1259,254
1.62E+12,6,1,5,12.5758,0.1736,8.4,0.1,1474,206
1.62E+12,6,1,5,11.0929,0.118008,6.8,0,458,154
1.62E+12,6,1,5,10.9353,0.145092,7,0,1306,195
1.62E+12,6,1,5,11.2994,0.156241,7.57143,0,1084,204
1.62E+12,6,1,5,5.11737,0.104771,5.83333,0.1,1708,275
1.62E+12,6,1,5,11.375,0.0920803,8,0,555,116
1.62E+12,6,1,5,10.6723,0.101333,6.66667,0,1268,141
1.62E+12,6,1,5,10.6532,0.106859,7,0.1,1092,150
1.62E+12,6,1,5,11.1736,0.13404,7,0.1,1135,186
1.62E+12,6,1,5,7.30469,0.081152,6.8,0,1176,169
1.62E+12,6,1,5,6.27451,0.07616,7.16667,0,969,189
1.62E+12,6,1,5,7.80102,0.116627,7.42857,0,928,246
1.62E+12,6,1,5,9.15329,0.116273,6.5,0,1098,176
1.62E+12,6,1,5,10.6716,0.111936,8.6,0,643,160
1.62E+12,6,1,5,8.9125,0.133173,7.8,0,882,199
1.62E+12,6,1,5,11,0.112416,6.85714,0,612,150
1.62E+12,6,1,5,9.31884,0.107277,6.66667,0.1,745,170
1.62E+12,6,1,5,5.55,0.12016,6.83333,0,1009,267
1.62E+12,6,1,5,11.5576,0.139776,7.66667,0,614,180
1.62E+12,6,1,5,10.5726,0.106378,7.16667,0,651,142
1.62E+12,6,1,5,10.5517,0.11139,7,0.1,643,164
1.62E+12,6,1,5,12.1597,0.0993735,8.16667,0,285,123
1.62E+12,6,1,5,7.11675,0.125024,6,0,857,244
1.62E+12,6,1,5,5.78467,0.152096,4.33333,0,4596,371
1.62E+12,6,1,5,6.61714,0.10816,8.6,0.181792,368,225
1.62E+12,6,1,5,11.8986,0.150008,8.16667,0,526,166
1.62E+12,6,1,5,3.37398,0.1008,7.66667,0,498,330
1.62E+12,6,1,5,7.15029,0.109847,5.83333,0.1,987,223
1.62E+12,6,1,5,7.64571,0.126554,6.4,0,2240,240
1.62E+12,6,1,5,10.7984,0.124851,8.4,0,866,153
1.62E+12,6,1,5,8.7398,0.134458,6.33333,0,830,238
1.62E+12,6,1,5,6.77703,0.0931406,6,0,931,185
1.62E+12,6,1,5,10.8667,0.1271,7.66667,0.1,865,166
1.62E+12,6,1,5,10.8679,0.0909237,8,0,415,114
1.62E+12,6,1,5,10.903,0.121728,8.8,0,797,168
1.62E+12,6,1,5,3.23718,0.112352,4.8,0,1352,407
1.62E+12,6,1,5,10.7552,0.128064,8.6,0.1,1158,173
1.62E+12,6,1,5,10.6093,0.143229,6.83333,0,1299,188
1.62E+12,6,1,5,2.96959,0.0919839,5.4,0,1365,412
1.62E+12,6,1,5,8.46377,0.091168,6.5,0,787,165
1.62E+12,6,1,5,10.8314,0.144578,7,0.1,882,204
1.62E+12,6,1,5,8.96667,0.100736,5.5,0,1154,151
1.62E+12,6,1,5,11.6207,0.080704,8.66667,0,370,104
1.62E+12,6,1,5,10.4071,0.126816,7,0.1,1335,170
1.62E+12,6,1,5,8.91791,0.0863936,7.6,0.1,799,158
1.62E+12,6,1,5,11.2308,0.114313,7,0,372,153
1.62E+12,6,1,5,5.05431,0.150779,5.5,0,1495,411
1.62E+12,6,1,5,4.91786,0.1296,5.8,0,1082,376
1.62E+12,6,1,5,10.447,0.128065,7.2,0.1,1062,163
1.62E+12,6,1,5,10.4215,0.102265,7.25,0.1,275,137
1.62E+12,6,1,5,5.95337,0.0938153,5.4,0,970,243
1.62E+12,6,1,5,10.949,0.19457,7.85714,0,979,251
1.62E+12,6,1,5,9.84967,0.112771,7,0.1,638,173
1.62E+12,6,1,5,8.45122,0.116048,5.33333,0,1956,208
1.62E+12,6,1,5,9.32618,0.199197,8.66667,0,929,297
1.62E+12,6,1,5,8.47253,0.133622,6.6,0,1061,226
1.62E+12,6,1,5,8.44318,0.134586,7,0.1,1333,243
1.62E+12,6,1,5,8.41949,0.140562,6.8,0,984,266
1.62E+12,6,1,5,3.1963,0.140832,4.83333,0,1943,570
1.62E+12,6,1,5,11.1631,0.114217,7,0,280,151
1.62E+12,6,1,5,11.5963,0.121028,6.8,0.1,290,167
1.62E+12,6,1,5,11.3333,0.159004,7,0,1436,217
1.62E+12,6,1,5,10.2986,0.135486,7,0,810,180
1.62E+12,6,1,5,5.67265,0.119968,6,0,2030,296
1.62E+12,6,1,5,11.2156,0.160096,7.83333,0.1,1220,203
1.62E+12,6,1,5,6.59649,0.117944,7.5,0,1167,225
1.62E+12,6,1,5,10.8311,0.12996,7.6,0,571,176
1.62E+12,6,1,5,11.4133,0.125237,8.2,0.1,369,150
1.62E+12,6,1,5,10.9462,0.0971566,7.2,0,396,139
1.62E+12,6,1,5,10.96,0.155181,7.33333,0.1,1003,206
1.62E+12,6,1,5,9.69403,0.106217,7.16667,0,582,146
1.62E+12,6,1,5,10.1829,0.148466,7.25,0.1,1324,204
1.62E+12,6,1,5,8.555,0.147952,6.66667,0.1,1376,255
1.62E+12,6,1,5,5.5597,0.123245,6,0,1125,340
1.62E+12,6,1,5,10.3121,0.139373,7,0,1068,195
1.62E+12,6,1,5,10.4533,0.128289,7,0.1,881,180
1.62E+12,6,1,5,10.2613,0.095488,7.2,0,569,134
1.62E+12,6,1,5,10.5187,0.17404,7.16667,0,1960,242
1.62E+12,6,1,5,11.4839,0.127072,8.4,0,1631,152
1.62E+12,6,1,5,6.06627,0.170056,5.33333,0,1298,425
1.62E+12,6,1,5,11.9109,0.0805141,8.75,0.1,234,113
1.62E+12,6,1,5,12.0909,0.096,7.5,0,297,98
1.62E+12,6,1,5,7.35065,0.10159,7.33333,0,461,188
1.62E+12,6,1,5,12.1494,0.177253,9,0,1378,189
1.62E+12,6,1,5,10.9529,0.070112,8,0.1,477,102
1.62E+12,6,1,5,9.21854,0.11849,7,0,661,179
1.62E+12,6,1,5,11.7879,0.103004,9,0,439,124
1.62E+12,6,1,5,10.9924,0.107759,7,0,662,144
1.62E+12,6,1,5,11.0382,0.13902,7.8,0.1,1355,192
1.62E+12,6,1,5,4.23267,0.0899598,6.66667,0,747,252
1.62E+12,6,1,5,9.0885,0.0881285,7.33333,0,430,141
1.62E+12,6,1,5,8.4686,0.146827,7,0.1,1992,263
1.62E+12,6,1,5,10.531,0.0964498,7,0,665,136
1.62E+12,6,1,5,10.7738,0.151328,7,0,2912,210
1.62E+12,6,1,5,10.7222,0.11904,7,0,552,153
1.62E+12,6,1,5,6.69416,0.155663,6.14286,0,784,352
1.62E+12,6,1,5,5.18694,0.146988,4.33333,0.1,1507,415
1.62E+12,6,1,5,5.35,0.118361,5.83333,0,1627,291
1.62E+12,6,1,5,7.60804,0.139502,7,0,888,263
1.62E+12,6,1,5,8.08051,0.146153,6.14286,0,1601,285
1.62E+12,6,1,5,10.7951,0.118104,7.2,0.1,517,144
1.62E+12,6,1,5,7.35333,0.102656,7.6,0,781,196
1.62E+12,6,1,5,3.26331,0.110008,4.4,0,854,439
1.62E+12,6,1,5,9.36774,0.122699,6.71429,0.1,961,194
1.62E+12,6,1,5,13.275,0.095904,8.16667,0.1,935,104
1.62E+12,6,1,5,6.53846,0.147245,6,0,2494,341
1.62E+12,6,1,5,9.64886,0.108434,6.4,0,1568,168
1.62E+12,6,1,5,10.2614,0.13057,6.57143,0,778,182
1.62E+12,6,1,5,10.4934,0.127486,7,0.1,1387,190
1.62E+12,6,1,5,5.48636,0.125365,7.25,0,505,297
1.62E+12,6,1,5,11.9297,0.12347,9.33333,0,636,142
1.62E+12,6,1,5,5.06589,0.0988273,6,0,821,325
1.62E+12,6,1,5,11.0118,0.155341,7,0.1,2795,214
1.62E+12,6,1,5,10.9918,0.118458,8,0,772,148
1.62E+12,6,1,5,12.5357,0.111486,8.33333,0,190,123
1.62E+12,6,1,5,9.65116,0.069184,7.16667,0,336,102
1.62E+12,6,1,5,9.87179,0.0961606,8.4,0.1,298,134
1.62E+12,6,1,5,8.2517,0.112353,7.4,0,1457,197
1.62E+12,6,1,5,7.38636,0.0997269,6.2,0,560,220
1.62E+12,6,1,5,11.0657,0.205184,7.33333,0,1426,268
1.62E+12,6,1,5,7.44765,0.171116,5.5,0.1,1456,350
1.62E+12,6,1,5,5.28205,0.0862651,6.5,0,489,216
1.62E+12,6,1,5,9.77852,0.125944,6.6,0,1453,177
1.62E+12,6,1,5,7.83645,0.148851,6.57143,0,2456,279
1.62E+12,6,1,5,7.6859,0.0981205,6,0.1,950,198
1.62E+12,6,1,5,9.17937,0.157173,7.16667,0,1145,255
1.62E+12,6,1,5,6.4943,0.147149,5.4,0,1087,337
1.62E+12,6,1,5,8.73158,0.120546,7,0,572,217
1.62E+12,6,1,5,10.0184,0.11888,7.6,0.1,561,179
1.62E+12,6,1,5,6.94815,0.0768835,5.83333,0,610,165
1.62E+12,6,1,5,8.21635,0.134528,6.33333,0,1750,251
1.62E+12,6,1,5,11.2246,0.12604,7,0.1,1687,162
1.62E+12,6,1,5,7.16901,0.120675,6.8,0.12045,847,265
1.62E+12,6,1,5,9.05978,0.130956,6.5,0,1616,222
1.62E+12,6,1,5,5.21481,0.112418,5,0,668,326
1.62E+12,6,1,5,7.67241,0.109408,6.66667,0,801,218
1.62E+12,6,1,5,8.5297,0.147181,6.4,0.1,1485,250
1.62E+12,6,1,5,10.3129,0.134908,7.33333,0,603,193
1.62E+12,6,1,5,11.2481,0.14144,7.5,0,896,172
1.62E+12,6,1,5,11.7297,0.1128,7.16667,0.1,389,152
1.62E+12,6,1,5,7.11245,0.157815,7.33333,0.1,1747,324
1.62E+12,6,1,5,8.49673,0.0973494,5,0,782,173
1.62E+12,6,1,5,4.55981,0.0942329,5.6,0,803,272
1.62E+12,6,1,5,11.2319,0.122688,7.6,0,744,168
1.62E+12,6,1,5,11.5105,0.125024,7.6,0,679,157
1.62E+12,6,1,5,9.44248,0.149792,9,0,1121,243
1.62E+12,6,1,5,10.1042,0.0745382,8.33333,0,369,111
1.62E+12,6,1,5,10.4697,0.117664,7,0.1,707,161
1.62E+12,6,1,5,5.75104,0.121349,5.2,0.1,1509,321
1.62E+12,6,1,5,10.3074,0.171406,7.6,0,785,277
1.62E+12,6,1,5,12.1231,0.112964,7.8,0,230,134
1.62E+12,6,1,5,11.2108,0.128288,7.42857,0,622,174
1.62E+12,6,1,5,11.5375,0.0757912,7,0.1,292,92
1.62E+12,6,1,5,10.906,0.110104,7,0,767,171
1.62E+12,6,1,5,8.27027,0.142908,6.66667,0,1295,230
1.62E+12,6,1,5,10.3354,0.158016,7.5,0,1434,208
1.62E+12,6,1,5,10.5461,0.111871,7,0.1,701,165
1.62E+12,6,1,5,6.35178,0.151936,6,0,844,319
1.62E+12,6,1,5,7.99024,0.128835,6.2,0,1914,261
1.62E+12,6,1,5,7.01205,0.117312,6.16667,0.1,1226,204
1.62E+12,6,1,5,11.5933,0.125526,8,0.1,288,161
1.62E+12,6,1,5,11.963,0.0778153,8,0,334,99
1.62E+12,6,1,5,3.91235,0.102876,6,0,1553,330
1.62E+12,6,1,5,10.25,0.081472,7.25,0.1,320,117
1.62E+12,6,1,5,8.16596,0.169253,5,0.1,1492,297
1.62E+12,6,1,5,5.91195,0.085504,7,0,1025,200
1.62E+12,6,1,5,12.0561,0.106378,8,0,1090,140
1.62E+12,6,1,5,8.85714,0.13488,7.16667,0.1,1407,216
1.62E+12,6,1,5,6.48,0.108723,6.16667,0.1,776,230
1.62E+12,6,1,5,7.47692,0.114249,7.4,0,1000,235
1.62E+12,6,1,5,10.433,0.0806104,7.25,0,491,117
1.62E+12,6,1,5,9.55652,0.09616,7,0.1,512,140
1.62E+12,6,1,5,5.33032,0.115232,5.66667,0.1,1510,287
1.62E+12,6,1,5,9.20765,0.130859,6.4,0,1769,225
1.62E+12,6,1,5,8.81915,0.142908,7.2,0,1372,237
1.62E+12,6,1,5,10.7966,0.115406,7,0,791,151
1.62E+12,6,1,5,6.48864,0.160096,5.6,0.227084,1042,352
1.62E+12,6,1,5,10.051,0.148884,7.25,0,728,191
1.62E+12,6,1,5,10.6718,0.101655,7,0,690,162
1.62E+12,6,1,5,9.84746,0.097408,7,0,436,123
1.62E+12,6,1,5,6.57348,0.155149,5,0.1,1890,379
1.62E+12,6,1,5,7.93678,0.114667,6,0,1073,212
1.62E+12,6,1,5,6.40722,0.120835,6,0,916,243
1.62E+12,6,1,5,5.73853,0.124736,7,0,1860,282
1.62E+12,6,1,5,11.6932,0.0807711,7.8,0,418,101
1.62E+12,6,1,5,6.92683,0.103357,5.5,0,811,259
1.62E+12,6,1,5,10.824,0.113092,8.33333,0,489,142
1.62E+12,6,1,5,5.07895,0.120576,5.16667,0.1,1233,294
1.62E+12,6,1,5,5.919,0.170731,7,0.282827,2673,438
1.62E+12,6,1,5,5.93671,0.117344,5.2,0,1430,312
1.62E+12,6,1,5,8.32065,0.137639,6.5,0,1672,234
1.62E+12,6,1,5,11.6,0.0957108,7.83333,0,1007,120
1.62E+12,6,1,5,10.1313,0.0906988,7.2,0.1,740,126
1.62E+12,6,1,5,8.41228,0.08,6.16667,0,588,136
1.62E+12,6,1,5,6.30144,0.110432,7.4,0,551,263
1.62E+12,6,1,5,9.65101,0.102752,6.5,0.1,646,177
1.62E+12,6,1,5,12.2333,0.133184,8.25,0,828,162
1.62E+12,6,1,5,7.05369,0.0915984,5.2,0,1022,196
1.62E+12,6,1,5,8.32624,0.101783,6.4,0,892,174
1.62E+12,6,1,5,5.86245,0.135744,6.33333,0.1,1792,356
1.62E+12,6,1,5,8.82812,0.16498,5.8,0.1,1158,238
1.62E+12,6,1,5,4.38951,0.114635,5.8,0,1075,365
1.62E+12,6,1,5,12.4535,0.0978635,8.6,0,508,100
1.62E+12,6,1,5,10.5897,0.101108,7.16667,0.1,2206,151
1.62E+12,6,1,5,11.5152,0.149141,8.25,0.1,546,160
1.62E+12,6,1,5,7.24224,0.0973173,6.16667,0,1165,207
1.62E+12,6,1,5,10.8095,0.080739,7.66667,0,355,96
1.62E+12,6,1,5,6.79325,0.140032,6.14286,0,1725,313
1.62E+12,6,1,5,4.75221,0.090688,5.8,0.1,421,271
1.62E+12,6,1,5,7.56329,0.0995341,7,0,657,197
1.62E+12,6,1,5,8.39674,0.138176,6.25,0,2164,242
1.62E+12,6,1,5,7.72959,0.12928,7.16667,0,1542,248
1.62E+12,6,1,5,11.9065,0.122088,8.6,0,808,136
1.62E+12,6,1,5,10.9348,0.123052,7.5,0,1708,168
1.62E+12,6,1,5,7.16438,0.0871004,5.8,0,525,175
1.62E+12,6,1,5,10.4615,0.090624,7.14286,0.1,360,128
1.62E+12,6,1,5,8.4,0.124096,7.16667,0,910,230
1.62E+12,6,1,5,10.6918,0.132948,7.66667,0,893,177
1.62E+12,6,1,5,7.23529,0.138056,6.5,0,719,258
1.62E+12,6,1,5,12.9174,0.113446,8.33333,0,641,130
1.62E+12,6,1,5,10.5503,0.129157,5.75,0.108594,737,191
1.62E+12,6,1,5,11.5041,0.118908,7,0,821,135
1.62E+12,6,1,5,12.5583,0.117856,6.66667,0,513,132
1.62E+12,6,1,5,10.4773,0.153248,7,0,1516,222
1.62E+12,6,1,5,10.2652,0.122016,7.16667,0.1,726,162
1.62E+12,6,1,5,6.93171,0.118592,5.4,0,1294,266
1.62E+12,6,1,5,11.437,0.140384,7.6,0,1109,173
1.62E+12,6,1,5,5.71654,0.0752129,7,0,634,178
1.62E+12,6,1,5,9.92029,0.106016,7.16667,0.1,572,157
1.62E+12,6,1,5,4.29167,0.089696,6,0,2166,324
1.62E+12,6,1,5,10.4729,0.128289,7.16667,0,643,159
1.62E+12,6,1,5,10.4731,0.153056,7,0,1228,225
1.62E+12,6,1,5,5.48252,0.147616,6.4,0.1,793,375
1.62E+12,6,1,5,8.42697,0.117088,6.6,0,1043,222
1.62E+12,6,1,5,10.4379,0.142496,7,0,1398,192
1.62E+12,6,1,5,6.44393,0.1369,5.83333,0.1,772,285
1.62E+12,6,1,5,7.3,0.119068,7,0.1,1539,243
1.62E+12,6,1,5,10.9531,0.117783,8.2,0,685,156
1.62E+12,6,1,5,12.3737,0.102426,8,0,408,104
1.62E+12,6,1,5,11.0507,0.144736,7.71429,0,761,174
1.62E+12,6,1,5,9.91228,0.142272,6.8,0,1235,213
1.62E+12,6,1,5,11.3604,0.105408,8,0,680,133
1.62E+12,6,1,5,9.66667,0.07968,7,0,409,120
1.62E+12,6,1,5,10.197,0.111168,7.16667,0,620,160
1.62E+12,6,1,5,10.1277,0.133237,7.33333,0.1,712,177
1.62E+12,6,1,5,6.28177,0.08896,5.5,0,965,233
1.62E+12,6,1,5,10.3588,0.124704,7,0,2463,169
1.62E+12,6,1,5,8.53333,0.117408,6.14286,0.1,1208,187
1.62E+12,6,1,5,8.8125,0.149912,8.6,0.1,764,257
1.62E+12,6,1,5,10.161,0.100416,7.2,0,606,140
1.62E+12,6,1,5,8.60648,0.151072,6.25,0,1440,266
1.62E+12,6,1,5,6.62567,0.105216,6.5,0.1,1195,228
1.62E+12,6,1,5,9.55882,0.0549076,7.16667,0.1,224,79
1.62E+12,6,1,5,1.77473,0.0879679,4.2,0,780,505
1.62E+12,6,1,5,11.2162,0.108064,8.25,0,651,143
1.62E+12,6,1,5,12.6847,0.122313,8,0,466,136
1.62E+12,6,1,5,10.7955,0.131759,6.83333,0.1,677,157
1.62E+12,6,1,5,11.1039,0.0611084,7.6,0,363,88
1.62E+12,6,1,5,10.0329,0.127839,7.2,0,702,172
1.62E+12,6,1,5,8.28125,0.119776,7.5,0,1060,232
1.62E+12,6,1,5,15.1023,0.082592,8.75,0.1,148,77
1.62E+12,6,1,5,13.0088,0.12739,8.5,0,524,135
1.62E+12,6,1,5,10.4653,0.116369,7,0,1101,163
1.62E+12,6,1,5,11.3719,0.101912,6.85714,0,425,131
1.62E+12,6,1,5,5.73401,0.132948,5.6,0.1,3328,400
1.62E+12,6,1,5,12.5779,0.189526,9.6,0,1112,197
1.62E+12,6,1,5,10.8936,0.140498,8.33333,0,829,169
1.62E+12,6,1,5,5.72522,0.10944,6,0.1,1534,288
1.62E+12,6,1,5,6.61494,0.112128,4.75,0,3058,236
1.62E+12,6,1,5,4.8125,0.115855,5.8,0,1498,319
1.62E+12,6,1,5,8.07027,0.130313,7.5,0,1179,237
1.62E+12,6,1,5,11.4,0.104256,8,0.1,748,127
1.62E+12,6,1,5,6.02308,0.158137,6,0.1,1212,343
1.62E+12,6,1,5,10.619,0.105472,7,0,606,157
1.62E+12,6,1,5,12.2229,0.135036,7.83333,0,733,181
1.62E+12,6,1,5,7.09774,0.0876145,6,0.1,478,153
1.62E+12,6,1,5,9.74336,0.090506,7,0.1,425,126
1.62E+12,6,1,5,6.0728,0.117783,6,0,1198,322
1.62E+12,6,1,5,10.823,0.0913092,7.2,0,300,114
1.62E+12,6,1,5,2.68901,0.099296,5.14286,0.1,1178,482
1.62E+12,6,1,5,5.72542,0.163309,5.5,0.1,1504,397
1.62E+12,6,1,5,11.6457,0.117719,7.6,0,897,152
1.62E+12,6,1,5,10.3858,0.111582,7,0,877,164
1.62E+12,6,1,5,10.8547,0.168384,7,0.1,1084,215
1.62E+12,6,1,5,11.4154,0.0929478,7.2,0.1,401,137
1.62E+12,6,1,5,11.0851,0.0919839,7.8,0,301,111
1.62E+12,6,1,5,12.735,0.117333,8.66667,0,365,126
1.62E+12,6,1,5,10.8102,0.107663,7,0.1,465,149
1.62E+12,6,1,5,12.197,0.0568675,7.66667,0.1,335,74
1.62E+12,6,1,5,10.9655,0.103871,7,0,942,145
1.62E+12,6,1,5,10.8611,0.117012,7,0,748,167
1.62E+12,6,1,5,10.1189,0.144386,7.2,0.1,882,175
1.62E+12,6,1,5,11.0616,0.112353,7.33333,0.1,778,162
1.62E+12,6,1,5,5.51037,0.10657,5.8,0,1014,295
1.62E+12,6,1,5,6.84409,0.103776,5.83333,0,1077,229
1.62E+12,6,1,5,7.29936,0.08848,7.2,0,1234,191
1.62E+12,6,1,5,11.1132,0.134811,7,0.1,647,174
1.62E+12,6,1,5,6.53812,0.140832,7,0,889,294
1.62E+12,6,1,5,11.5702,0.112353,8.25,0,496,136
1.62E+12,6,1,5,9.86607,0.0857143,7.14286,0.1,356,124
1.62E+12,6,1,5,4.2,0.124935,5.33333,0.1,1639,451
1.62E+12,6,1,5,6.52128,0.120032,6,0,1616,249
1.62E+12,6,1,5,7.05769,0.116402,6,0,1881,266
1.62E+12,6,1,5,4.3191,0.16592,5.57143,0,1157,493
1.62E+12,6,1,5,10.2868,0.111936,6.83333,0.1,731,164
1.62E+12,6,1,5,8.6422,0.160578,6.6,0,1376,271
1.62E+12,6,1,5,8.23789,0.170976,7.33333,0,876,288
1.62E+12,6,1,5,12.2062,0.118656,8.6,0,602,129
1.62E+12,6,1,5,10.3364,0.100659,7.83333,0.1,815,144
1.62E+12,6,1,5,11.6275,0.107631,7,0,445,117
1.62E+12,6,1,5,10.2168,0.0973173,6.66667,0,598,155
1.62E+12,6,1,5,12.0124,0.158876,8.16667,0,911,183
1.62E+12,6,1,5,10.5085,0.0897028,7.25,0.1,989,146
1.62E+12,6,1,5,6.87923,0.142169,6.83333,0,960,264
1.62E+12,6,1,5,8.27004,0.166843,6.66667,0,1935,295
1.62E+12,6,1,5,10.8333,0.094304,7.6,0,557,127
1.62E+12,6,1,5,10.8561,0.123116,6.8,0.1,1487,169
1.62E+12,6,1,5,11.824,0.142336,7.4,0,1652,173
1.62E+12,6,1,5,10.9856,0.130432,7,0,498,167
1.62E+12,6,1,5,11.1193,0.150747,7,0.1,1145,202
1.62E+12,6,1,5,10.9655,0.126048,7,0.1,304,181
1.62E+12,6,1,5,11.3169,0.13902,7.6,0,694,172
1.62E+12,6,1,5,3.65465,0.127679,6,0,1336,443
1.62E+12,6,1,5,13.7374,0.10853,9.4,0.1,285,105
1.62E+12,6,1,5,6.05238,0.114956,5.8,0,1117,281
1.62E+12,6,1,5,8.34239,0.1289,7.2,0,1582,241
1.62E+12,6,1,5,7.81818,0.124305,5.83333,0,1846,241
1.62E+12,6,1,5,10.3307,0.121856,6.28571,0.1,1247,162
1.62E+12,6,1,5,5.38683,0.126458,5.5,0.117912,1833,328
1.62E+12,6,1,5,11.3609,0.128512,8.25,0,417,152
1.62E+12,6,1,5,9.74658,0.0981847,6.6,0,474,159
1.62E+12,6,1,5,2.88421,0.10336,5,0.1,682,392
1.62E+12,6,1,5,9.9881,0.141976,7.66667,0.173333,3190,219
1.62E+12,6,1,5,10.0723,0.153799,7.25,0,871,195
1.62E+12,6,1,5,12.1667,0.0794859,8,0,327,97
1.62E+12,6,1,5,8.80392,0.102464,8.14286,0,544,167
1.62E+12,6,1,5,12.8737,0.102008,7.8,0.1,1467,119
1.62E+12,6,1,5,10.1596,0.0856225,6.6,0,635,115
1.62E+12,6,1,5,3.65285,0.0733494,4.4,0,1295,271
1.62E+12,6,1,5,7.55191,0.117504,7,0,1334,229
1.62E+12,6,1,5,9.21925,0.137799,6.6,0.1,1609,236
1.62E+12,6,1,5,11.1826,0.104193,6.83333,0,851,143
1.62E+12,6,1,5,11,0.129928,7,0,445,169
1.62E+12,6,1,5,10.2133,0.137632,7.4,0,1010,184
1.62E+12,6,1,5,8.08889,0.0770442,7.4,0.1,627,157
1.62E+12,6,1,5,9.94667,0.1129,6.2,0,682,178
1.62E+12,6,1,5,6.73617,0.136353,6.5,0,1589,300
1.62E+12,6,1,5,5.37218,0.136289,5.83333,0,2154,343
1.62E+12,6,1,5,13.0056,0.151871,7.83333,0.1,280,171
1.62E+12,6,1,5,10.8581,0.128096,7.5,0,529,173
1.62E+12,6,1,5,12.65,0.074506,8,0,332,87
1.62E+12,6,1,5,10.8542,0.070048,7,0,298,104
1.62E+12,6,1,5,10.8141,0.149847,7,0.1,2243,199
1.62E+12,6,1,5,8.42581,0.0980884,6.25,0,1058,183
1.62E+12,6,1,5,7.31147,0.114635,6.6,0,1308,250
1.62E+12,6,1,5,11.2414,0.130112,8.28571,0,490,157
1.62E+12,6,1,5,11.2222,0.0802892,7,0.1,471,102
1.62E+12,6,1,5,10.8195,0.111072,8,0,778,157
1.62E+12,6,1,5,11.1479,0.139759,7,0,479,177
1.62E+12,6,1,5,8.56667,0.075776,6.57143,0.1,427,145
1.62E+12,6,1,5,10.6288,0.108755,7.2,0.1,760,154
1.62E+12,6,1,5,9.45789,0.158908,6.4,0,1239,232
1.62E+12,6,1,5,10.25,0.122892,7.16667,0,610,167
1.62E+12,6,1,5,11.9286,0.0933655,7.83333,0,234,126
1.62E+12,6,1,5,12.2661,0.123791,8,0.1,877,143
1.62E+12,6,1,5,12.6697,0.109976,8.6,0,1341,124
1.62E+12,6,1,5,6.83784,0.108305,6.5,0,1617,247
1.62E+12,6,1,5,6.64804,0.111744,7.14286,0.1,653,227
1.62E+12,6,1,5,10.3333,0.10544,7,0,878,149
1.62E+12,6,1,5,10.8571,0.100177,7.33333,0,720,143
1.62E+12,6,1,5,10.7233,0.135264,7.2,0,617,182
1.62E+12,6,1,5,5.81818,0.098752,6.66667,0.1,1453,211
1.62E+12,6,1,5,10.4519,0.107341,7,0,468,152
1.62E+12,6,1,5,12.7909,0.109494,9,0,771,120
1.62E+12,6,1,5,7.11894,0.148948,5.5,0,1412,293
1.62E+12,6,1,5,9.19328,0.095744,8,0,1262,161
1.62E+12,6,1,5,16.3425,0.110683,8.25,0.1,1103,82
1.62E+12,6,1,5,7.4329,0.14159,7,0.1,1058,288
1.62E+12,6,1,5,9.90374,0.154924,6.66667,0,1564,235
1.62E+12,6,1,5,7.11594,0.129992,6.66667,0,1221,261
1.62E+12,6,1,5,11.3111,0.122304,7.6,0.1,789,166
1.62E+12,6,1,5,10.5032,0.143711,7,0,1015,199
1.62E+12,6,1,5,8.91057,0.096,6.66667,0,994,154
1.62E+12,6,1,5,5.15074,0.144257,6.14286,0,1379,351
1.62E+12,6,1,5,9.09135,0.147277,5.5,0,1306,249
1.62E+12,6,1,5,6.3932,0.1049,7,0.1,772,245
1.62E+12,6,1,5,10.1709,0.0914378,7,0,513,139
1.62E+12,6,1,5,10.8519,0.149664,7.42857,0.1,1100,194
1.62E+12,6,1,5,12.362,0.168771,9,0,1161,205
1.62E+12,6,1,5,6.69159,0.140434,6.16667,0,1655,273
1.62E+12,6,1,5,8.91558,0.113092,6.25,0,1555,190
1.62E+12,6,1,5,10.6824,0.137056,7,0.1,649,188
1.62E+12,6,1,5,14.9388,0.13343,10,0.1,541,120
1.62E+12,6,1,5,10.042,0.122313,7.33333,0,764,168
1.62E+12,6,1,5,6.60465,0.129157,5.25,0,839,320
1.62E+12,6,1,5,12.8091,0.116096,8.71429,0,701,120
1.62E+12,6,1,5,10.3723,0.117622,6.2,0.1,584,169
1.62E+12,6,1,5,9.78814,0.0971245,7.16667,0,715,142
1.62E+12,6,1,5,11.9931,0.118779,7.75,0,475,153
1.62E+12,6,1,5,10.2703,0.137728,7,0,445,184
1.62E+12,6,1,5,10.0255,0.137767,8,0.1,885,193
1.62E+12,6,1,5,11.1404,0.110426,6.33333,0,617,136
1.62E+12,6,1,5,8.33152,0.133847,6.6,0,1437,236
1.62E+12,6,1,5,10.3858,0.105189,7.66667,0,738,155
1.62E+12,6,1,5,10.7305,0.133012,7,0.1,796,170
1.62E+12,6,1,5,5.06599,0.0837269,6.25,0,1665,257
1.62E+12,6,1,5,7.42079,0.12352,6.2,0,1422,250
1.62E+12,6,1,5,7.57353,0.122528,5.71429,0.1,2020,256
1.62E+12,6,1,5,10.128,0.106731,7.8,0.1,2276,160
1.62E+12,6,1,5,6.16479,0.153863,6.4,0,742,335
1.62E+12,6,1,5,2.60821,0.0900241,4.8,0,1602,365
1.62E+12,6,1,5,9.14583,0.0782972,7.16667,0,1360,129
1.62E+12,6,1,5,8.77976,0.105092,6.5,0.1,558,187
1.62E+12,6,1,5,4.66376,0.0933976,4.5,0,1157,279
1.62E+12,6,1,5,7.40426,0.122752,6.66667,0,644,230
1.62E+12,6,1,5,11.4063,0.135328,7.71429,0,867,190
1.62E+12,6,1,5,9.60145,0.119197,7.33333,0.1,546,159
1.62E+12,6,1,5,5.22026,0.117494,5,0,1319,296
1.62E+12,6,1,5,8.2,0.0863936,6.33333,0,591,156
1.62E+12,6,1,5,10.4964,0.1192,7.2,0,1040,168
1.62E+12,6,1,5,10.5252,0.111004,7.16667,0.1,320,156
1.62E+12,6,1,5,7.8,0.114731,5.2,0,781,218
1.62E+12,6,1,5,9.92025,0.136512,7.16667,0,1140,209
1.62E+12,6,1,5,11.0138,0.139245,8.71429,0,796,169
1.62E+12,6,1,5,10.6549,0.127647,7.6,0.1,603,177
1.62E+12,6,1,5,9.24039,0.0813494,7.83333,0,548,120
1.62E+12,6,1,5,4.3609,0.116337,6,0,2159,354
1.62E+12,6,1,5,8.968,0.101912,8,0,910,154
1.62E+12,6,1,5,9.71429,0.104835,8.33333,0.1,1258,169
1.62E+12,6,1,5,9.68902,0.140755,6.4,0,890,203
1.62E+12,6,1,5,9.15287,0.118104,7,0,850,195
1.62E+12,6,1,5,4.40667,0.15056,5.66667,0.1,1174,416
1.62E+12,6,1,5,11.3529,0.095129,7.2,0.1,576,121
1.62E+12,6,1,5,10.9765,0.140048,7,0,1119,206
1.62E+12,6,1,5,7.82081,0.133076,6.33333,0,1342,229
1.62E+12,6,1,5,10.48,0.107052,6.8,0,613,153
1.62E+12,6,1,5,8.62222,0.123616,5.8,0.1,678,214
1.62E+12,6,1,5,1.96868,0.106944,4.33333,0,1755,594
1.62E+12,6,1,5,6.70703,0.12624,6.8,0,747,309
1.62E+12,6,1,5,4.74561,0.14688,6.28571,0,1107,419
1.62E+12,6,1,5,6.70303,0.0925301,6.4,0.1,1834,221
1.62E+12,6,1,5,9.4798,0.140369,6.66667,0,881,223
1.62E+12,6,1,5,10.0855,0.101173,7,0,622,139
1.62E+12,6,1,5,10.7047,0.115181,7.66667,0,891,178
1.62E+12,6,1,5,8.23858,0.141141,6.5,0.1,2188,237
1.62E+12,6,1,5,7.81333,0.097992,6.6,0,746,183
1.62E+12,6,1,5,6.87319,0.14506,6.2,0,637,322
1.62E+12,6,1,5,10.8421,0.133333,7.28571,0.1,1658,181
1.62E+12,6,1,5,11.0196,0.143711,7,0.1,831,189
1.62E+12,6,1,5,10.9113,0.110072,7.5,0,637,147
1.62E+12,6,1,5,10.8931,0.132594,8.66667,0,1150,183
1.62E+12,6,1,5,10.4569,0.158297,7.28571,0.1,335,203
1.62E+12,6,1,5,4.8871,0.073312,6.8,0.1,539,223
1.62E+12,6,1,5,10.0667,0.116884,7,0,825,181
1.62E+12,6,1,5,12.6591,0.112064,9,0,347,110
1.62E+12,6,1,5,10.4925,0.107136,6.8,0.1,905,168
1.62E+12,6,1,5,12.3147,0.147373,8.4,0.1,764,169
1.62E+12,6,1,5,10.3529,0.104996,7,0,633,138
1.62E+12,6,1,5,10.5892,0.149526,6.83333,0,865,218
1.62E+12,6,1,5,10.2447,0.084896,7,0.1,1127,120
1.62E+12,6,1,5,7.02353,0.166747,7.2,0.1,2038,351
1.62E+12,6,1,5,9.4918,0.134522,7.4,0,719,217
1.62E+12,6,1,5,6.44295,0.0884498,6.2,0,774,187
1.62E+12,6,1,5,9.28729,0.149944,6.83333,0.1,1176,228
1.62E+12,6,1,5,9.17791,0.132352,7,0.1,791,209
1.62E+12,6,1,5,10.4901,0.129349,7,0,972,185
1.62E+12,6,1,5,11.099,0.090988,8.5,0,545,120
1.62E+12,6,1,5,10.0424,0.102651,7,0.1,743,148
1.62E+12,6,1,5,9.66667,0.143454,7.83333,0.1,1768,205
1.62E+12,6,1,5,10,0.111614,7.25,0,878,165
1.62E+12,6,1,5,8.74648,0.0974458,7.16667,0,403,174
1.62E+12,6,1,5,10.0076,0.112032,7,0,328,161
1.62E+12,6,1,5,10.8361,0.106859,7.83333,0.1,442,134
1.62E+12,6,1,5,12.8831,0.0650924,7.2,0,168,79
1.62E+12,6,1,5,2.76991,0.089504,4.25,0,489,311
1.62E+12,6,1,5,9.47826,0.075712,6.83333,0,902,128
1.62E+12,6,1,5,8.9148,0.148896,6.5,0.1,499,250
1.62E+12,6,1,5,11.8462,0.059328,8.33333,0.1,120,88
1.62E+12,6,1,5,9.15625,0.153928,7,0,730,251
1.62E+12,6,1,5,11.7105,0.124273,8.6,0,295,159
1.62E+12,6,1,5,12.5882,0.102233,7.6,0.1,240,112
1.62E+12,6,1,5,10.7797,0.100819,7,0,787,145
1.62E+12,6,1,5,4.65789,0.0960643,5.8,0,898,279
1.62E+12,6,1,5,6.75,0.115213,6.71429,0,1018,248
1.62E+12,6,1,5,11.0108,0.146474,7,0.1,674,199
1.62E+12,6,1,5,11.904,0.160996,8,0,498,191
1.62E+12,6,1,5,7.65,0.180145,5.75,0,1864,352
1.62E+12,6,1,5,12.1333,0.0707791,8.85714,0.1,854,68
1.62E+12,6,1,5,12.7478,0.0898635,8.2,0.1,181,109
1.62E+12,6,1,5,7.4142,0.109783,6.4,0,1108,210
1.62E+12,6,1,5,11.8394,0.112932,8,0,291,148
1.62E+12,6,1,5,13.3577,0.123328,8,0,470,120
1.62E+12,6,1,5,9.46875,0.111904,5.83333,0.1,695,183
1.62E+12,6,1,5,4.80212,0.119904,6.5,0,1734,364
1.62E+12,6,1,5,5.88079,0.0826024,7.66667,0,739,186
1.62E+12,6,1,5,10.3742,0.10928,7.16667,0,302,174
1.62E+12,6,1,5,10.3232,0.098249,7.33333,0.1,753,125
1.62E+12,6,1,5,10.9315,0.135133,7.5,0,1023,184
1.62E+12,6,1,5,10.9753,0.147823,7.83333,0,762,195
1.62E+12,6,1,5,5.45098,0.101751,5.8,0.1,2622,269
1.62E+12,6,1,5,10.8393,0.113312,7.83333,0.1,731,146
1.62E+12,6,1,5,6.45749,0.141141,5,0.1,951,318
1.62E+12,6,1,5,5.94241,0.09936,7.83333,0,650,245
1.62E+12,6,1,5,6.63889,0.0904096,6.5,0.1,1282,189
1.62E+12,6,1,5,11.0071,0.130827,7.83333,0.1,1133,173
1.62E+12,6,1,5,7.21705,0.0886426,6.4,0,1003,164
1.62E+12,6,1,5,5.84677,0.137221,6.4,0,2270,318
1.62E+12,6,1,5,7.16191,0.120289,6.42857,0.1,1379,266
1.62E+12,6,1,5,2.92653,0.079456,5,0.1,1993,336
1.62E+12,6,1,5,9.7069,0.086747,7,0,321,135
1.62E+12,6,1,5,6.81726,0.124498,7,0,865,256
1.62E+12,6,1,5,8.80769,0.169767,6.16667,0,1017,276
1.62E+12,6,1,5,11.2832,0.087328,7.16667,0.1,190,117
1.62E+12,6,1,5,12.9902,0.0871968,8,0,252,107
1.62E+12,6,1,5,5.13917,0.0903133,5.5,0,1623,244
1.62E+12,6,1,5,12.413,0.099502,8.66667,0,591,106
1.62E+12,6,1,5,8.39205,0.126201,6.5,0.1,2217,233
1.62E+12,6,1,5,10.8175,0.101333,7,0,354,141
1.62E+12,6,1,5,9.57377,0.142624,6.83333,0,864,221
1.62E+12,6,1,5,11.1667,0.162281,6.83333,0.1,776,225
1.62E+12,6,1,5,7.28261,0.157205,5.25,0.1,3054,305
1.62E+12,6,1,5,7.70769,0.0862651,6.33333,0,710,159
1.62E+12,6,1,5,6.68182,0.0870683,6.66667,0,1095,189
1.62E+12,6,1,5,5.51274,0.153152,4.33333,0.11984,698,402
1.62E+12,6,1,5,4.89494,0.132273,7.4,0,2137,363
1.62E+12,6,1,5,9.16912,0.102747,6.33333,0,496,156
1.62E+12,6,1,5,10.0876,0.106635,5.5,0,703,161
1.62E+12,6,1,5,3.38944,0.113189,5.42857,0,1913,406
1.62E+12,6,1,5,3.632,0.100755,6.2,0.1,1618,336
1.62E+12,6,1,5,10.7477,0.0844337,7.2,0,472,118
1.62E+12,6,1,5,8.51659,0.131791,6,0,891,237
1.62E+12,6,1,5,11.6164,0.129735,7,0,458,163
1.62E+12,6,1,5,11.1343,0.166233,7,0.1,720,230
1.62E+12,6,1,5,11.3353,0.149751,7,0,2205,200
1.62E+12,6,1,5,10.7302,0.106956,7,0,936,153
1.62E+12,6,1,5,6.09231,0.119392,7,0.1,538,249
1.62E+12,6,1,5,12.1616,0.112161,8,0.215068,577,134
1.62E+12,6,1,5,9.26515,0.103871,6.2,0,1451,152
1.62E+12,6,1,5,8.80263,0.1072,6,0,935,176
1.62E+12,6,1,5,7.94737,0.086528,7.16667,0,463,166
1.62E+12,6,1,5,10.3971,0.133076,7,0.1,582,173
1.62E+12,6,1,5,8.99479,0.135647,6.6,0,634,224
1.62E+12,6,1,5,10.3731,0.118426,7.33333,0,609,168
1.62E+12,6,1,5,12.1079,0.13904,8.16667,0.1,358,158
1.62E+12,6,1,5,12.5882,0.096608,8.5,0.1,159,105
1.62E+12,6,1,5,8.4902,0.124241,6.25,0,1308,246
1.62E+12,6,1,5,6.29918,0.138667,6.16667,0,1152,311
1.62E+12,6,1,5,6.03187,0.121703,5.28571,0.1,2268,330
1.62E+12,6,1,5,11.8629,0.109824,7.8,0.1,455,125
1.62E+12,6,1,5,12.1229,0.122249,9.16667,0,976,143
1.62E+12,6,1,5,4.48256,0.077344,6.16667,0,1374,225
1.62E+12,6,1,5,11.3088,0.137056,7.83333,0.1,1023,164
1.62E+12,6,1,5,11.2195,0.104803,7,0.1,964,143
1.62E+12,6,1,5,7.78761,0.0832771,6.5,0,771,139
1.62E+12,6,1,5,5.88043,0.13648,7,0,1359,359
1.62E+12,6,1,5,10.9839,0.165044,7.16667,0.1,1397,229
1.62E+12,6,1,5,11.6111,0.108241,7.5,0.1,1035,126
1.62E+12,6,1,5,11.6276,0.134169,7.8,0,524,163
1.62E+12,6,1,5,2.48509,0.112932,4.16667,0,615,492
1.62E+12,6,1,5,8.05021,0.184768,6.83333,0.1,437,298
1.62E+12,6,1,5,11.5573,0.0929478,7.2,0.1,339,138
1.62E+12,6,1,5,5.42222,0.16448,4.8,0,1640,418
1.62E+12,6,1,5,10.2039,0.136704,7,0,920,187
1.62E+12,6,1,5,12.1856,0.100608,7.4,0,452,113
1.62E+12,6,1,5,6.31633,0.10355,6.2,0.1,1968,263
1.62E+12,6,1,5,7.28182,0.141847,5.8,0,1466,271
1.62E+12,6,1,5,3.95035,0.132627,5.25,0,2550,549
1.62E+12,6,1,5,4.8223,0.136896,5,0,2449,392
1.62E+12,6,1,5,4.35,0.085184,5,0.1,1172,286
1.62E+12,6,1,5,11.1494,0.075232,7,0,459,105
1.62E+12,6,1,5,4.72807,0.105157,5.33333,0,1157,292
1.62E+12,6,1,5,9.71981,0.163968,7.2,0,1597,252
1.62E+12,6,1,5,9.82667,0.134683,6.8,0.1,1001,185
1.62E+12,6,1,5,9.70861,0.136064,7.2,0,2267,212
1.62E+12,6,1,5,11.2761,0.128867,7,0,2103,170
1.62E+12,6,1,5,7.42105,0.108032,5.8,0,2386,225
1.62E+12,6,1,5,10.2957,0.0944257,7.16667,0.1,692,139
1.62E+12,6,1,5,5.33712,0.145863,6,0,600,347
1.62E+12,6,1,5,8.30303,0.149108,8.33333,0,1763,252
1.62E+12,6,1,5,9.53125,0.131309,6.4,0.1,2097,208
1.62E+12,6,1,5,8.95673,0.141205,6.5,0.1,970,239
1.62E+12,6,1,5,13.7037,0.11804,9.25,0,445,127
1.62E+12,6,1,5,10.2357,0.14294,7,0,1290,187
1.62E+12,6,1,5,10.7912,0.0858795,7,0,503,112
1.62E+12,6,1,5,8.72903,0.112739,6.4,0.1,943,188
1.62E+12,6,1,5,10.8174,0.0967711,7,0,425,134
1.62E+12,6,1,5,12.434,0.149462,8.33333,0,650,175
1.62E+12,6,1,5,6.81977,0.1192,6.83333,0,428,219
1.62E+12,6,1,5,12.8516,0.134554,8.33333,0.1,616,153
1.62E+12,6,1,5,7.37572,0.107952,5.75,0,853,218
1.62E+12,6,1,5,10.8166,0.149141,7,0,1569,203
1.62E+12,6,1,5,7.30041,0.16196,5.33333,0,1270,309
1.62E+12,6,1,5,7.94712,0.135936,7,0.1,740,258
1.62E+12,6,1,5,10.6686,0.151968,7.16667,0.1,1121,221
1.62E+12,6,1,5,10.3816,0.128771,7,0,730,182
1.62E+12,6,1,5,10,0.137952,6.85714,0.1,915,206
1.62E+12,6,1,5,10.2081,0.143647,7,0.1,1170,187
1.62E+12,6,1,5,8.74257,0.136768,7.33333,0,1087,247
1.62E+12,6,1,5,2.93631,0.0913414,5.25,0,1923,399
1.62E+12,6,1,5,9.68254,0.1112,7.4,0.1,536,153
1.62E+12,6,1,5,9.66839,0.160064,6.33333,0,1952,254
1.62E+12,6,1,5,9.93571,0.116916,7,0.1,627,163
1.62E+12,6,1,5,10.4681,0.127229,7.33333,0,789,167
1.62E+12,6,1,5,13.5227,0.09136,9.28571,0,352,97
1.62E+12,6,1,5,10.2241,0.0862008,7,0.1,750,134
1.62E+12,6,1,5,10.4696,0.110528,7.6,0,442,149
1.62E+12,6,1,5,9.23711,0.135582,6.8,0,1641,241
1.62E+12,6,1,5,5.66216,0.095456,5.57143,0.1,642,195
1.62E+12,6,1,5,6.25,0.12257,8.5,0,659,260
1.62E+12,6,1,5,9.54264,0.123631,7.6,0,1037,164
1.62E+12,6,1,5,11.957,0.0959036,8.2,0,525,111
1.62E+12,6,1,5,7.41364,0.136,6.66667,0.1,1259,279
1.62E+12,6,1,5,11,0.108,8,0.1,414,126
1.62E+12,6,1,5,5.608,0.121863,6.33333,0,1020,311
1.62E+12,6,1,5,10.7879,0.080928,7.33333,0,437,122
1.62E+12,6,1,5,10.3636,0.107116,7,0,576,135
1.62E+12,6,1,5,9.65385,0.087008,7,0.1,885,133
1.62E+12,6,1,5,6.21032,0.155116,5.25,0,1625,348
1.62E+12,6,1,5,10.2286,0.1271,7.25,0,1129,174
1.62E+12,6,1,5,7.98092,0.178313,6.4,0,1421,331
1.62E+12,6,1,5,10.8991,0.0963855,7,0.1,1376,139
1.62E+12,6,1,5,13.1087,0.0920482,8.83333,0,260,95
1.62E+12,6,1,5,10.515,0.144,7,0,1108,203
1.62E+12,6,1,5,10.0696,0.133205,6.5,0,1675,197
1.62E+12,6,1,5,11.1333,0.128321,7.2,0.1,671,188
1.62E+12,6,1,5,7.05446,0.14144,5.8,0,982,260
1.62E+12,6,1,5,8.00599,0.111072,7,0,839,202
1.62E+12,6,1,5,6.88038,0.139791,6.33333,0.1,1172,272
1.62E+12,6,1,5,8.37405,0.0940402,6,0.1,1391,164
1.62E+12,6,1,5,6.24436,0.158816,5.66667,0,1714,367
1.62E+12,6,1,5,12.512,0.115952,8.33333,0,377,132
1.62E+12,6,1,5,8.08571,0.0971566,7.66667,0,680,213
1.62E+12,6,1,5,11.5543,0.144288,7.33333,0.1,428,185
1.62E+12,6,1,5,11.6396,0.101984,7.8,0,401,123
1.62E+12,6,1,5,6.10638,0.154848,7.4,0,1591,311
1.62E+12,6,1,5,10.1221,0.116691,6.4,0,1004,152
1.62E+12,6,1,5,6.36145,0.127807,7.2,0.1,1672,310
1.62E+12,6,1,5,5.99213,0.121735,5.2,0,1493,317
1.62E+12,6,1,5,10.4808,0.087296,9.25,0,221,123
1.62E+12,6,1,5,10.9655,0.105831,8.16667,0.1,1216,145
1.62E+12,6,1,5,11.4464,0.1496,8.75,0.1,881,196
1.62E+12,6,1,5,12.047,0.13857,8.2,0,339,155
1.62E+12,6,1,5,6.455,0.115791,6,0,419,251
1.62E+12,6,1,5,10.5353,0.158528,7.71429,0.1,949,207
1.62E+12,6,1,5,11.252,0.0983454,6.83333,0,281,129
1.62E+12,6,1,5,11.0614,0.103582,7.5,0.1,640,139
1.62E+12,6,1,5,9.96354,0.160161,7.25,0,672,212
1.62E+12,6,1,5,6.58974,0.135744,6.14286,0.1,1315,305
1.62E+12,6,1,5,11.2333,0.157056,8,0.1,2101,195
1.62E+12,6,1,5,11.8689,0.116691,7.25,0,664,143
1.62E+12,6,1,5,9.30968,0.123598,7.25,0,578,187
1.62E+12,6,1,5,8.819,0.150304,7.28571,0,1124,256
1.62E+12,6,1,5,10.1198,0.136739,6.75,0.1,1523,213
1.62E+12,6,1,5,7.03788,0.0835341,7.6,0,874,173
1.62E+12,6,1,5,11.0449,0.132832,7,0,1502,188
1.62E+12,6,1,5,11.0854,0.058528,7.66667,0.1,363,97
1.62E+12,6,1,5,7.57778,0.119904,6.4,0.1,1524,177
1.62E+12,6,1,5,3.18671,0.115149,6.75,0,1633,427
1.62E+12,6,1,5,5.89899,0.111197,6,0,1154,256
1.62E+12,6,1,5,9.18182,0.102848,7.16667,0,884,173
1.62E+12,6,1,5,10.8513,0.17472,8,0.1,1331,252
1.62E+12,6,1,5,11.4563,0.110361,7,0,1191,128
1.62E+12,6,1,5,7.62397,0.152707,7,0,422,304
1.62E+12,6,1,5,11.1522,0.122378,7.4,0,631,158
1.62E+12,6,1,5,5.56967,0.15351,5.5,0.1,912,314
1.62E+12,6,1,5,11.0382,0.117976,7.5,0,704,160
1.62E+12,6,1,5,10.9868,0.124209,7,0,623,163
1.62E+12,6,1,5,7.33036,0.127488,5.57143,0.1,1296,271
1.62E+12,6,1,5,4.33333,0.080032,5.83333,0,1338,236
1.62E+12,6,1,5,6.0211,0.125056,5.8,0.1,1223,291
1.62E+12,6,1,5,9.5873,0.106217,6.16667,0,1031,160
1.62E+12,6,1,5,10.3129,0.119036,7.28571,0,1256,187
1.62E+12,6,1,5,3.21168,0.06192,6.66667,0.1,657,178
1.62E+12,6,1,5,11.5922,0.0859759,8.5,0,1216,120
1.62E+12,6,1,5,10.0229,0.100948,7.16667,0,754,148
1.62E+12,6,1,5,11.2384,0.11472,7.57143,0.1,254,154
1.62E+12,6,1,5,12.1343,0.1136,8.16667,0,615,139
1.62E+12,6,1,5,7.24876,0.132608,5.8,0,1138,252
1.62E+12,6,1,5,9.46734,0.166912,7.6,0,1142,264
1.62E+12,6,1,5,10.0719,0.137928,7,0.1,919,186
1.62E+12,6,1,5,10.6067,0.135486,7.4,0.1,777,205
1.62E+12,6,1,5,3.39381,0.0795181,5.16667,0,517,301
1.62E+12,6,1,5,8.1,0.087004,6.4,0,830,173
1.62E+12,6,1,5,11.2632,0.150656,7.5,0,827,206
1.62E+12,6,1,5,10.4364,0.139984,7,0.1,763,192
1.62E+12,6,1,5,11.0584,0.13796,6.66667,0,1351,193
1.62E+12,6,1,5,9.19512,0.09968,7,0,899,156
1.62E+12,6,1,5,10.6277,0.076352,7,0,312,106
1.62E+12,6,1,5,11.0222,0.0783293,8.2,0.1,473,113
1.62E+12,6,1,5,7.13637,0.120675,6.16667,0,883,221
1.62E+12,6,1,5,8.01807,0.122592,7.8,0,1309,218
1.62E+12,6,1,5,11.2203,0.114368,7.57143,0.1,522,145
1.62E+12,6,1,5,11.4744,0.15904,7.33333,0,1242,191
1.62E+12,6,1,5,11.8542,0.158651,7.5,0,2048,194
1.62E+12,6,1,5,5.74033,0.0927229,5.5,0,890,237
1.62E+12,6,1,5,10.1963,0.094592,7.14286,0,682,129
1.62E+12,6,1,5,11.0164,0.103424,7,0.1,1482,155
1.62E+12,6,1,5,10.3333,0.104353,8,0,406,133
1.62E+12,6,1,5,11.6169,0.148145,7.83333,0,1829,187
1.62E+12,6,1,5,6.98283,0.147213,5.5,0,1852,301
1.62E+12,6,1,5,11.0087,0.111518,7,0.1,1286,155
1.62E+12,6,1,5,11.3095,0.164209,7.83333,0,1558,215
1.62E+12,6,1,5,5.24172,0.158265,5.8,0,1542,411
1.62E+12,6,1,5,10.3596,0.09488,6.57143,0.1,638,132
1.62E+12,6,1,5,4.63139,0.115727,5.16667,0.1,2330,357
1.62E+12,6,1,5,7.68382,0.0923052,6.4,0,652,165
1.62E+12,6,1,5,6.20319,0.136482,5.66667,0,1642,324
1.62E+12,6,1,5,9,0.108096,6.16667,0,1689,178
1.62E+12,6,1,5,7.96377,0.086747,8,0.1,912,170
1.62E+12,6,1,5,10.6906,0.164112,7,0,1465,226
1.62E+12,6,1,5,13.5,0.0527871,10,0,203,51
1.62E+12,6,1,5,3.10163,0.077376,6.33333,0,1106,336
1.62E+12,6,1,5,6.27808,0.127486,5.8,0,1517,254
1.62E+12,6,1,5,10.75,0.14112,7,0,678,207
1.62E+12,6,1,5,9.96428,0.119679,7,0,532,169
1.62E+12,6,1,5,9.02116,0.129092,7.71429,0.1,894,209
1.62E+12,6,1,5,10.4489,0.15547,6,0.1,2005,227
1.62E+12,6,1,5,9.76119,0.116032,6.6,0,1155,163
1.62E+12,6,1,5,8.29648,0.135232,7,0,1137,251
1.62E+12,6,1,5,8.33562,0.10512,6.33333,0.1,600,195
1.62E+12,6,1,5,11.6456,0.137536,8,0.1,405,163
1.62E+12,6,1,5,10.3198,0.142144,6.25,0,632,212
1.62E+12,6,1,5,6.10502,0.125173,5.16667,0,2462,291
1.62E+12,6,1,5,10.4429,0.116704,7.16667,0.1,814,169
1.62E+12,6,1,5,7.5,0.129382,6.33333,0,1507,257
1.62E+12,6,1,5,10.9301,0.139181,7.5,0,1002,179
1.62E+12,6,1,5,13.2152,0.0869076,8.5,0,243,89
1.62E+12,6,1,5,3.70513,0.100787,9,0.1,1445,315
1.62E+12,6,1,5,8.54587,0.151165,5.5,0.1,1241,255
1.62E+12,6,1,5,11.2409,0.116884,8,0,620,158
1.62E+12,6,1,5,6.37879,0.114795,5,0,1070,253
1.62E+12,6,1,5,10.5441,0.111872,7.2,0.1,788,154
1.62E+12,6,1,5,7.10244,0.128704,6.25,0.1,877,268
1.62E+12,6,1,5,7.74546,0.0994056,5.8,0,1015,200
1.62E+12,6,1,5,5.5,0.112932,7.2,0,2100,290
1.62E+12,6,1,5,11.1348,0.118554,7.2,0.1,532,160
1.62E+12,6,1,5,11.3121,0.13728,7.33333,0,645,178
1.62E+12,6,1,5,11.2838,0.128996,7.2,0,572,161
1.62E+12,6,1,5,9.92982,0.138956,6.66667,0,1080,205
1.62E+12,6,1,5,7.85784,0.155008,6.83333,0,1066,285
1.62E+12,6,1,5,9.50595,0.10988,7.2,0.1,637,184
1.62E+12,6,1,5,8.97845,0.165494,6.83333,0,3230,282
1.62E+12,6,1,5,8.79699,0.091502,6.4,0,1052,164
1.62E+12,6,1,5,11.6923,0.139309,7.66667,0.1,637,166
1.62E+12,6,1,5,7.67822,0.115309,7.16667,0.162795,1356,243
1.62E+12,6,1,5,6.36216,0.11312,7.5,0,1231,236
1.62E+12,6,1,5,1.8265,0.0874217,3.4,0,1519,438
1.62E+12,6,1,5,11.7596,0.082432,6.6,0.1,189,106
1.62E+12,6,1,5,9.36522,0.08649,7.2,0,379,132
1.62E+12,6,1,5,11.0934,0.159711,7.33333,0,1434,215
1.62E+12,6,1,5,4.76,0.142329,6.5,0,1538,352
1.62E+12,6,1,5,3.13115,0.135136,5.28571,0,596,508
1.62E+12,6,1,5,13.0658,0.091936,8.6,0.1,574,92
1.62E+12,6,1,5,9.31858,0.191968,7,0,1568,288
1.62E+12,6,1,5,11.5897,0.10249,9.16667,0,452,130
1.62E+12,6,1,5,8.98907,0.134618,5.57143,0,1509,218
1.62E+12,6,1,5,9.67066,0.138024,7,0.1,1514,211
1.62E+12,6,1,5,5.79105,0.055008,5.83333,0,743,169
1.62E+12,6,1,5,11.0267,0.137735,8.25,0,691,173
1.62E+12,6,1,5,11.8333,0.161671,6.2,0.1,757,196
1.62E+12,6,1,5,5.83817,0.121024,6.66667,0.1,1354,314
1.62E+12,6,1,5,6.13596,0.126618,6,0,1894,304
1.62E+12,6,1,5,11.5802,0.100434,9,0,396,99
1.62E+12,6,1,5,6.73377,0.101856,5.5,0,1703,210
1.62E+12,6,1,5,10.0192,0.0959036,6.5,0,676,130
1.62E+12,6,1,5,9.8359,0.158816,7,0,1973,239
1.62E+12,6,1,5,10.4918,0.148241,7,0,1172,214
1.62E+12,6,1,5,10.483,0.153184,6.85714,0,2537,226
1.62E+12,6,1,5,9.63265,0.117912,6.25,0.1,638,185
1.62E+12,6,1,5,9.625,0.111872,6.8,0,998,181
1.62E+12,6,1,5,3.33193,0.084096,5.5,0,960,318
1.62E+12,6,1,5,10.4514,0.13841,7,0.1,1171,178
1.62E+12,6,1,5,10.9677,0.101494,8.25,0.1,534,141
1.62E+12,6,1,5,9.98621,0.111904,7,0,1184,175
1.62E+12,6,1,5,8.31579,0.108337,6.5,0,1153,188
1.62E+12,6,1,5,8.06,0.130624,8,0,926,254
1.62E+12,6,1,5,6.31288,0.0886104,6.83333,0.120321,1283,224
1.62E+12,6,1,5,7.49254,0.154859,7.33333,0,799,257
1.62E+12,6,1,5,11.0316,0.095168,8,0,671,115
1.62E+12,6,1,5,8.14124,0.124916,7.6,0.1,633,216
1.62E+12,6,1,5,12.2545,0.123392,8,0,389,166
1.62E+12,6,1,5,4.8134,0.105414,7,0,577,277
1.62E+12,6,1,5,11.7121,0.112964,5.8,0,1242,146
1.62E+12,6,1,5,10.6667,0.069696,7.14286,0.1,345,89
1.62E+12,6,1,5,8.70707,0.170956,6.75,0.1,1835,257
1.62E+12,6,1,5,9.9037,0.100544,6.2,0,1399,165
1.62E+12,6,1,5,10.3691,0.143775,7.25,0,1843,193
1.62E+12,6,1,5,10.5158,0.087872,7,0,1671,121
1.62E+12,6,1,5,10.0592,0.142329,6.2,0,3061,210
1.62E+12,6,1,5,8.51923,0.10506,7,0,971,189
1.62E+12,6,1,5,10.4372,0.139084,6.16667,0,2063,210
1.62E+12,6,1,5,11.8797,0.158151,7.83333,0,1596,212
1.62E+12,6,1,5,9.76974,0.144,7,0.1,1860,199
1.62E+12,6,1,5,8.93717,0.122281,6.6,0,918,223
1.62E+12,6,1,5,6.48705,0.113349,5.5,0,1414,254
1.62E+12,6,1,5,12.2364,0.138432,8.83333,0.1,546,172
1.62E+12,6,1,5,10.4122,0.112193,8,0.1,801,157
1.62E+12,6,1,5,11.5414,0.145671,7.2,0,581,190
1.62E+12,6,1,5,11.2025,0.139136,7.33333,0,751,181
1.62E+12,6,1,5,10.1367,0.121792,7.14286,0,748,165
1.62E+12,6,1,5,7.3283,0.138956,6.4,0.1,1031,308
1.62E+12,6,1,5,5.2589,0.143679,5,0,1820,405
1.62E+12,6,1,5,7.14957,0.137349,5,0,1926,284
1.62E+12,6,1,5,8.75472,0.074656,6.66667,0,378,122
1.62E+12,6,1,5,6.24193,0.0959036,6,0.1,1141,253
1.62E+12,6,1,5,10.5425,0.15072,7,0,1622,199
1.62E+12,6,1,5,5.55859,0.136129,5.2,0,1488,332
1.62E+12,6,1,5,10.2071,0.13841,7,0,842,191
1.62E+12,6,1,5,6.30466,0.128418,5.4,0.1,514,316
1.62E+12,6,1,5,11.4603,0.122112,8.4,0,617,145
1.62E+12,6,1,5,9.95312,0.116594,6.75,0,1651,166
1.62E+12,6,1,5,9.84138,0.107695,6.8,0,898,166
1.62E+12,6,1,5,10.1793,0.132466,6.6,0.1,1900,195
1.62E+12,6,1,5,12.969,0.114892,7.8,0,329,130
1.62E+12,6,1,5,11.7395,0.094688,7.25,0,249,128
1.62E+12,6,1,5,11.8026,0.135072,7,0.1,694,176
1.62E+12,6,1,5,6.472,0.07456,7.6,0.1,756,172
1.62E+12,6,1,5,11.7931,0.113189,8,0,541,156
1.62E+12,6,1,5,7.60234,0.123823,7.75,0,1684,217
1.62E+12,6,1,5,8.74269,0.133141,7,0.1,2661,224
1.62E+12,6,1,5,5.25481,0.104643,5.6,0.1,1624,275
1.62E+12,6,1,5,10.521,0.094784,7,0,954,146
1.62E+12,6,1,5,11.7311,0.103454,7,0,235,120
1.62E+12,6,1,5,12.4395,0.139936,7.66667,0,473,166
1.62E+12,6,1,5,10.8298,0.106378,7,0.1,701,157
1.62E+12,6,1,5,11.1467,0.11952,7,0,624,167
1.62E+12,6,1,5,3.80055,0.145831,4.33333,0,917,492
1.62E+12,6,1,5,4.70293,0.109376,5.71429,0,719,312
1.62E+12,6,1,5,13.2288,0.137542,8.25,0.1,240,148
1.62E+12,6,1,5,11.1597,0.127582,7.8,0,920,156
1.62E+12,6,1,5,10.3644,0.10512,6.5,0,2550,152
1.62E+12,6,1,5,8.72444,0.144064,6,0,2015,268
1.62E+12,6,1,5,8.58696,0.0934297,7,0,479,161
1.62E+12,6,1,5,11.345,0.17168,7.2,0,1620,216
1.62E+12,6,1,5,8.49167,0.166297,6.83333,0,2285,306
1.62E+12,6,1,5,10.2773,0.093856,6,0,672,139
1.62E+12,6,1,5,7.51489,0.153928,8.33333,0.239647,1116,301
1.62E+12,6,1,5,11.3208,0.0979598,6.5,0,750,123
1.62E+12,6,1,5,7.89157,0.107823,7,0,1037,213
1.62E+12,6,1,5,8.28079,0.138496,7.14286,0,1520,256
1.62E+12,6,1,5,7.02778,0.0595984,7.5,0.116884,718,131
1.62E+12,6,1,5,6.80612,0.098464,6.4,0,986,230
1.62E+12,6,1,5,10.6995,0.15261,7,0,488,206
1.62E+12,6,1,5,10.5161,0.08851,8.28571,0,310,107
1.62E+12,6,1,5,6.8,0.131839,7.16667,0.1,867,287
1.62E+12,6,1,5,8.15341,0.128707,6.83333,0,1156,217
1.62E+12,6,1,5,13.1141,0.154378,8.4,0,1541,157
1.62E+12,6,1,5,7.73158,0.135168,6.16667,0.1,923,241
1.62E+12,6,1,5,11.5781,0.12694,8,0.1,1261,162
1.62E+12,6,1,5,11.3114,0.167357,8.2,0,1431,207
1.62E+12,6,1,5,10.1351,0.117344,6.6,0,1668,170
1.62E+12,6,1,5,6.95361,0.110137,6.16667,0,882,233
1.62E+12,6,1,5,9.70732,0.100704,6.5,0.1,1928,171
1.62E+12,6,1,5,5.38947,0.157408,5.16667,0,1730,383
1.62E+12,6,1,5,9.40833,0.0976707,7.25,0,421,141
1.62E+12,6,1,5,11.4194,0.0890281,6.66667,0,800,112
1.62E+12,6,1,5,7.6646,0.102843,7,0.1,1028,203
1.62E+12,6,1,5,10.0152,0.113221,8,0,284,158
1.62E+12,6,1,5,9.48673,0.101237,6.4,0,945,138
1.62E+12,6,1,5,7.98276,0.120482,6.28571,0,1009,219
1.62E+12,6,1,5,5.52571,0.075744,5.66667,0.1,772,229
1.62E+12,6,1,5,11.0544,0.1344,7.2,0,761,166
1.62E+12,6,1,5,10.7063,0.10612,7.6,0,472,145
1.62E+12,6,1,5,9.50847,0.145189,6.71429,0,920,207
1.62E+12,6,1,5,7.95238,0.110233,7.16667,0.1,610,216
1.62E+12,6,1,5,9.11864,0.139181,6.6,0,1191,222
1.62E+12,6,1,5,11.0351,0.138795,7,0,772,193
1.62E+12,6,1,5,7.75127,0.133687,6.16667,0,1663,248
1.62E+12,6,1,5,10.8725,0.10641,7.25,0.1,752,131
1.62E+12,6,1,5,4.87857,0.148562,5.8,0,1203,382
1.62E+12,6,1,5,8.25728,0.130176,7,0,813,243
1.62E+12,6,1,5,9.57895,0.131392,8.33333,0,342,188
1.62E+12,6,1,5,8.53333,0.124948,6.5,0.1,1042,238
1.62E+12,6,1,5,10.5649,0.143454,7.83333,0,627,179
1.62E+12,6,1,5,10.9524,0.125815,7,0,932,163
1.62E+12,6,1,5,11.3095,0.124016,7.2,0.1,987,162
1.62E+12,6,1,5,9.90265,0.0959036,7,0.1,544,135
1.62E+12,6,1,5,6.91848,0.1128,7.2,0,1422,246
1.62E+12,6,1,5,11.3609,0.107072,9,0,588,144
1.62E+12,6,1,5,10.2609,0.101173,6.16667,0,1053,141
1.62E+12,6,1,5,4.47111,0.105799,5,0.1,1274,315
1.62E+12,6,1,5,11.4894,0.0758233,7.5,0,334,97
1.62E+12,6,1,5,6.72727,0.119454,6.16667,0,1162,251
1.62E+12,6,1,5,3.80385,0.0905382,5.8,0,1134,357
1.62E+12,6,1,5,10.854,0.144546,7.5,0.1,625,185
1.62E+12,6,1,5,6.8169,0.0980241,6.5,0,1001,187
1.62E+12,6,1,5,6.61878,0.110008,6.25,0,592,236
1.62E+12,6,1,5,6.41618,0.10896,6.66667,0,1119,216
1.62E+12,6,1,5,8.60714,0.13424,8.2,0.1,1111,240
1.62E+12,6,1,5,10.3062,0.144161,7,0,1397,194
1.62E+12,6,1,5,4.30256,0.088032,5.8,0,1081,246
1.62E+12,6,1,5,13.2558,0.0888032,8.2,0,810,102
1.62E+12,6,1,5,11.7589,0.111936,7.5,0.1,472,127
1.62E+12,6,1,5,8.09645,0.138088,8.16667,0,851,246
1.62E+12,6,1,5,13.7396,0.0865863,7.8,0,256,92
1.62E+12,6,1,5,10.4852,0.124224,6.83333,0,492,188
1.62E+12,6,1,5,12.2042,0.120353,8.33333,0.1,309,155
1.62E+12,6,1,5,12.837,0.136512,7.66667,0.1,1680,142
1.62E+12,6,1,5,8.01896,0.147534,6,0,2161,287
1.62E+12,6,1,5,5.21397,0.118368,5.83333,0,780,301
1.62E+12,6,1,5,10.0194,0.101173,7.4,0.1,828,135
1.62E+12,6,1,5,10.2765,0.14928,7.75,0,1142,213
1.62E+12,6,1,5,8.82119,0.132256,6.5,0,540,190
1.62E+12,6,1,5,11.8195,0.120864,7.83333,0.1,947,150
1.62E+12,6,1,5,9.95745,0.130208,7,0,437,206
1.62E+12,6,1,5,6.72848,0.097056,7.6,0.1,506,193
1.62E+12,6,1,5,7.48246,0.145376,6.25,0,913,291
1.62E+12,6,1,5,12.0325,0.150496,8.33333,0,1203,180
1.62E+12,6,1,5,9.93496,0.120771,7.16667,0,566,152
1.62E+12,6,1,5,9.01124,0.064224,6.5,0,396,106
1.62E+12,6,1,5,7.00926,0.10461,6,0,886,267
1.62E+12,6,1,5,12.1543,0.181536,7.71429,0.1,1503,200
1.62E+12,6,1,5,10.8915,0.135068,7.33333,0,1048,176
1.62E+12,6,1,5,7.80435,0.123566,6.16667,0,908,230
1.62E+12,6,1,5,10.32,0.14339,6.8,0,1422,203
1.62E+12,6,1,5,10.1417,0.097024,7.4,0.1,473,147
1.62E+12,6,1,5,11.592,0.118715,8.8,0.1,400,135
1.62E+12,6,1,5,6.34948,0.158297,7.5,0,1453,364
1.62E+12,6,1,5,11.5833,0.127936,7,0,1446,159
1.62E+12,6,1,5,10.5938,0.106281,7.4,0,636,152
1.62E+12,6,1,5,8.57005,0.129799,6,0.1,1888,251
1.62E+12,6,1,5,14.037,0.0984096,9.6,0,243,81
1.62E+12,6,1,5,7.00922,0.111328,6.4,0,921,263
1.62E+12,6,1,5,9.91133,0.141824,6,0.1,1110,228
1.62E+12,6,1,5,6.73869,0.124968,7,0.1,1431,258
1.62E+12,6,1,5,4.97436,0.148627,5.8,0,2006,413
1.62E+12,6,1,5,9.70149,0.141944,7.33333,0,749,227
1.62E+12,6,1,5,12.8926,0.129349,8.25,0,200,139
1.62E+12,6,1,5,10.6355,0.090048,7,0.1,1169,134
1.62E+12,6,1,5,10.6946,0.143488,7,0,825,198
1.62E+12,6,1,5,9.35754,0.153504,7.5,0,1431,226
1.62E+12,6,1,5,10.9273,0.0915984,6,0,816,124
1.62E+12,6,1,5,7.87879,0.121312,5.66667,0.1,599,242
1.62E+12,6,1,5,6.22872,0.07849,6.66667,0,979,215
1.62E+12,6,1,5,7.75652,0.164177,7.8,0,784,285
1.62E+12,6,1,5,12.2386,0.155072,7.28571,0.1,918,194
1.62E+12,6,1,5,10.5965,0.154304,7,0.1,965,208
1.62E+12,6,1,5,7.74306,0.0839518,5.6,0,1355,177
1.62E+12,6,1,5,9.84553,0.0943293,7.8,0,574,138
1.62E+12,6,1,5,6.34657,0.15792,5.71429,0.1,1522,350
1.62E+12,6,1,5,3.13137,0.140723,4.4,0.1,1481,503
1.62E+12,6,1,5,4.27586,0.078848,6.75,0,730,263
1.62E+12,6,1,5,7.34634,0.111068,6.4,0,663,234
1.62E+12,6,1,5,9.57767,0.160448,6.42857,0,1577,251
1.62E+12,6,1,5,10.7556,0.126624,7.66667,0.1,1001,174
1.62E+12,6,1,5,6.5508,0.110876,6.83333,0,873,228
1.62E+12,6,1,5,7.65476,0.107808,6.2,0,1270,216
1.62E+12,6,1,5,6.93789,0.096832,6.4,0.1,1905,212
1.62E+12,6,1,5,5.82383,0.102752,5.5,0.1,733,245
1.62E+12,6,1,5,10.9945,0.140369,7,0,563,191
1.62E+12,6,1,5,9.98837,0.109558,6.66667,0,485,182
1.62E+12,6,1,5,13.4224,0.149912,7.42857,0.1,579,165
1.62E+12,6,1,5,13.0565,0.103614,9.2,0.1,416,124
1.62E+12,6,1,5,13.1085,0.126208,7.83333,0,428,136
1.62E+12,6,1,5,10.8286,0.123116,7,0,756,162
1.62E+12,6,1,5,10.5338,0.122272,7,0.1,667,170
1.62E+12,6,1,5,11.0496,0.107232,9.4,0.1,389,139
1.62E+12,6,1,5,10.8643,0.133912,7.8,0,777,165
1.62E+12,6,1,5,11.1111,0.12416,8,0,377,169
1.62E+12,6,1,5,9.78313,0.138506,7.14286,0.1,896,191
1.62E+12,6,1,5,13.0088,0.125076,8.8,0.1,2126,145
1.62E+12,6,1,5,10.4423,0.101984,7,0,1046,127
1.62E+12,6,1,5,11.1091,0.15306,7.75,0,2077,209
1.62E+12,6,1,5,10.7788,0.10608,7.66667,0.1,597,136
1.62E+12,6,1,5,11.0117,0.139855,7,0.1,769,192
1.62E+12,6,1,5,7.92531,0.151488,6.2,0,963,280
1.62E+12,6,1,5,11.2836,0.120864,8.5,0,885,168
1.62E+12,6,1,5,9.94118,0.097824,7.14286,0.1,574,147
1.62E+12,6,1,5,12.9186,0.0763374,7,0.1,227,87
1.62E+12,6,1,5,10.7429,0.0636466,7,0,697,81
